date,name,amount,level
"2024-01-01 10:27:28.393427",Aladinzs,0,669
"2024-01-02 00:12:29.408186",Aladinzs,27053,669
"2024-01-03 00:12:35.609049",Aladinzs,21354,669
"2024-01-04 00:12:34.952802",Aladinzs,31757,669
"2024-01-05 00:12:31.063521",Aladinzs,43659,669
"2024-01-01 10:27:43.599659",Alakazhan,0,537
"2024-01-02 00:12:45.831889",Alakazhan,0,537
"2024-01-03 00:12:51.511548",Alakazhan,0,537
"2024-01-04 00:12:52.174352",Alakazhan,0,537
"2024-01-05 00:12:46.325333",Alakazhan,0,537
"2024-01-06 00:12:30.493532",Alakazhan,0,537
"2024-01-07 00:12:46.720121",Alakazhan,0,537
"2024-01-08 00:12:45.302165",Alakazhan,0,537
"2024-01-09 00:12:44.152606",Alakazhan,0,537
"2024-01-10 00:12:47.842515",Alakazhan,0,537
"2024-01-11 00:12:51.173538",Alakazhan,0,537
"2024-01-12 00:12:46.750304",Alakazhan,0,537
"2024-01-13 00:12:48.915706",Alakazhan,0,537
"2024-01-14 00:12:49.670314",Alakazhan,0,537
"2024-01-15 00:12:48.891820",Alakazhan,0,537
"2024-01-16 00:12:44.399637",Alakazhan,0,537
"2024-01-17 00:12:49.168561",Alakazhan,0,537
"2024-01-18 00:12:48.387281",Alakazhan,0,537
"2024-01-19 00:12:43.952067",Alakazhan,0,537
"2024-01-20 00:12:46.307498",Alakazhan,0,537
"2024-01-21 00:12:47.605079",Alakazhan,0,537
"2024-01-22 00:12:47.312499",Alakazhan,0,537
"2024-01-23 00:12:48.911905",Alakazhan,0,537
"2024-01-24 00:12:52.557524",Alakazhan,0,537
"2024-01-25 00:12:45.671092",Alakazhan,0,537
"2024-01-26 00:12:51.228425",Alakazhan,0,537
"2024-01-27 00:12:50.152971",Alakazhan,0,537
"2024-01-28 00:12:50.581021",Alakazhan,0,537
"2024-01-29 00:12:48.265282",Alakazhan,0,537
"2024-01-30 00:12:52.265421",Alakazhan,0,537
"2024-01-31 00:13:11.588249",Alakazhan,0,537
"2024-01-01 10:25:46.230209",Angie,0,908
"2024-01-02 00:10:45.780985",Angie,0,908
"2024-01-03 00:10:48.680452",Angie,219495,908
"2024-01-04 00:10:49.000210",Angie,134580,908
"2024-01-05 00:10:45.888176",Angie,281304853,915
"2024-01-06 00:10:46.880766",Angie,209628105,921
"2024-01-07 00:10:46.062748",Angie,300739643,927
"2024-01-08 00:10:46.959617",Angie,0,927
"2024-01-09 00:10:44.534830",Angie,0,927
"2024-01-10 00:10:46.432313",Angie,0,927
"2024-01-11 00:10:48.611444",Angie,352845,927
"2024-01-12 00:10:46.461668",Angie,152571,927
"2024-01-13 00:10:47.097630",Angie,88210722,929
"2024-01-14 00:10:47.411885",Angie,112806756,931
"2024-01-15 00:10:46.201556",Angie,65967571,933
"2024-01-16 00:10:46.248617",Angie,11578804,933
"2024-01-17 00:10:48.269564",Angie,172931466,937
"2024-01-18 00:10:47.025551",Angie,30551484,938
"2024-01-19 00:10:46.485551",Angie,0,938
"2024-01-20 00:10:46.173970",Angie,0,938
"2024-01-21 00:10:46.978593",Angie,118936784,940
"2024-01-22 00:10:46.656443",Angie,93696014,943
"2024-01-23 00:10:45.855458",Angie,99551271,945
"2024-01-24 00:10:48.825189",Angie,0,945
"2024-01-25 00:10:46.230962",Angie,116269726,947
"2024-01-26 00:10:48.619221",Angie,0,947
"2024-01-27 00:10:48.182693",Angie,0,947
"2024-01-28 00:10:47.506492",Angie,71049249,949
"2024-01-29 00:10:47.470988",Angie,82021764,951
"2024-01-30 00:10:48.580383",Angie,0,951
"2024-01-31 00:10:53.075078",Angie,0,951
"2024-01-01 10:27:54.073607",Annora,0,227
"2024-01-02 00:12:56.406314",Annora,0,227
"2024-01-03 00:13:04.065419",Annora,0,227
"2024-01-04 00:13:04.508470",Annora,0,227
"2024-01-05 00:12:56.817558",Annora,0,227
"2024-01-06 00:12:41.676274",Annora,0,227
"2024-01-07 00:12:57.301269",Annora,0,227
"2024-01-08 00:12:55.734736",Annora,0,227
"2024-01-09 00:12:55.662488",Annora,0,227
"2024-01-10 00:12:59.073532",Annora,2308936,228
"2024-01-11 00:13:03.113198",Annora,0,228
"2024-01-12 00:12:57.158190",Annora,0,228
"2024-01-13 00:12:59.570856",Annora,0,228
"2024-01-14 00:13:00.398056",Annora,0,228
"2024-01-15 00:13:01.009149",Annora,0,228
"2024-01-16 00:12:54.821342",Annora,0,228
"2024-01-17 00:12:59.748380",Annora,0,228
"2024-01-18 00:12:58.975960",Annora,0,228
"2024-01-19 00:12:54.381153",Annora,0,228
"2024-01-20 00:12:56.858663",Annora,0,228
"2024-01-21 00:12:58.194889",Annora,0,228
"2024-01-22 00:12:57.853644",Annora,0,228
"2024-01-23 00:12:59.400899",Annora,0,228
"2024-01-24 00:13:04.338865",Annora,0,228
"2024-01-25 00:12:56.344960",Annora,0,228
"2024-01-26 00:13:01.940087",Annora,0,228
"2024-01-27 00:13:00.628658",Annora,0,228
"2024-01-28 00:13:01.089389",Annora,0,228
"2024-01-29 00:12:58.770132",Annora,0,228
"2024-01-30 00:13:04.386557",Annora,0,228
"2024-01-31 00:13:25.542690",Annora,0,228
"2024-01-01 10:28:15.438873",Arua,0,917
"2024-01-02 00:13:18.792833",Arua,0,917
"2024-01-03 00:13:23.169511",Arua,0,917
"2024-01-04 00:13:23.988215",Arua,0,917
"2024-01-05 00:13:19.158289",Arua,265067242,923
"2024-01-06 00:12:56.352209",Arua,283374226,930
"2024-01-07 00:13:20.237901",Arua,186475423,934
"2024-01-08 00:13:17.990945",Arua,0,934
"2024-01-09 00:13:17.364419",Arua,0,934
"2024-01-10 00:13:21.309962",Arua,0,934
"2024-01-11 00:13:22.375024",Arua,61604317,935
"2024-01-12 00:13:19.217345",Arua,0,935
"2024-01-13 00:13:21.640899",Arua,0,935
"2024-01-14 00:13:21.808695",Arua,383662,935
"2024-01-15 00:13:22.060141",Arua,42810108,936
"2024-01-16 00:13:16.710646",Arua,10311975,937
"2024-01-17 00:13:21.634401",Arua,236291273,942
"2024-01-18 00:13:21.129305",Arua,73292855,944
"2024-01-19 00:13:16.076697",Arua,54024253,945
"2024-01-20 00:13:19.464517",Arua,0,945
"2024-01-21 00:13:20.178005",Arua,0,945
"2024-01-22 00:13:19.845398",Arua,0,945
"2024-01-23 00:13:21.353689",Arua,0,945
"2024-01-24 00:13:23.425025",Arua,20190978,945
"2024-01-25 00:13:17.954360",Arua,0,945
"2024-01-26 00:13:22.233530",Arua,0,945
"2024-01-27 00:13:22.182631",Arua,0,945
"2024-01-28 00:13:21.277682",Arua,0,945
"2024-01-29 00:13:21.091413",Arua,0,945
"2024-01-30 00:13:23.504019",Arua,0,945
"2024-01-31 00:13:41.236616",Arua,0,945
"2024-01-01 10:28:30.898303","Au Revoir",0,910
"2024-01-02 00:13:34.474214","Au Revoir",0,910
"2024-01-03 00:13:40.200504","Au Revoir",0,910
"2024-01-04 00:13:39.872614","Au Revoir",0,910
"2024-01-05 00:13:35.484980","Au Revoir",0,910
"2024-01-06 00:13:19.472126","Au Revoir",0,910
"2024-01-07 00:13:37.723212","Au Revoir",0,910
"2024-01-08 00:13:34.934968","Au Revoir",0,910
"2024-01-09 00:13:32.746184","Au Revoir",0,910
"2024-01-10 00:13:39.164235","Au Revoir",0,910
"2024-01-11 00:13:38.310316","Au Revoir",0,910
"2024-01-12 00:13:34.922509","Au Revoir",0,910
"2024-01-13 00:13:37.982603","Au Revoir",0,910
"2024-01-14 00:13:38.698679","Au Revoir",0,910
"2024-01-15 00:13:37.805335","Au Revoir",0,910
"2024-01-16 00:13:32.252393","Au Revoir",0,910
"2024-01-17 00:13:38.607590","Au Revoir",0,910
"2024-01-18 00:13:36.785431","Au Revoir",0,910
"2024-01-19 00:13:32.733093","Au Revoir",0,910
"2024-01-20 00:13:35.101132","Au Revoir",0,910
"2024-01-21 00:13:35.918100","Au Revoir",0,910
"2024-01-22 00:13:35.316077","Au Revoir",0,910
"2024-01-23 00:13:36.921744","Au Revoir",0,910
"2024-01-24 00:13:40.511730","Au Revoir",0,910
"2024-01-25 00:13:33.809010","Au Revoir",0,910
"2024-01-26 00:13:38.387076","Au Revoir",0,910
"2024-01-27 00:13:38.961254","Au Revoir",0,910
"2024-01-28 00:13:37.046510","Au Revoir",0,910
"2024-01-29 00:13:36.743618","Au Revoir",0,910
"2024-01-30 00:13:39.242648","Au Revoir",0,910
"2024-01-31 00:13:57.900329","Au Revoir",0,910
"2024-01-01 10:28:43.147609",Avallach,0,619
"2024-01-02 00:13:47.862999",Avallach,0,619
"2024-01-03 00:13:52.823292",Avallach,0,619
"2024-01-04 00:13:53.558263",Avallach,0,619
"2024-01-05 00:13:47.889719",Avallach,0,619
"2024-01-06 00:13:32.397024",Avallach,0,619
"2024-01-07 00:13:50.224175",Avallach,0,619
"2024-01-08 00:13:47.078982",Avallach,0,619
"2024-01-09 00:13:44.968626",Avallach,0,619
"2024-01-10 00:13:52.253278",Avallach,0,619
"2024-01-11 00:13:52.021282",Avallach,0,619
"2024-01-12 00:13:48.287569",Avallach,0,619
"2024-01-13 00:13:51.180300",Avallach,0,619
"2024-01-14 00:13:51.127275",Avallach,0,619
"2024-01-15 00:13:50.265383",Avallach,0,619
"2024-01-16 00:13:44.257579",Avallach,0,619
"2024-01-17 00:13:50.996652",Avallach,0,619
"2024-01-18 00:13:50.477807",Avallach,0,619
"2024-01-19 00:13:44.910294",Avallach,0,619
"2024-01-20 00:13:47.329067",Avallach,0,619
"2024-01-21 00:13:49.333340",Avallach,0,619
"2024-01-22 00:13:48.253606",Avallach,0,619
"2024-01-23 00:13:50.411354",Avallach,0,619
"2024-01-24 00:13:52.949908",Avallach,0,619
"2024-01-25 00:13:46.340491",Avallach,0,619
"2024-01-26 00:13:52.239341",Avallach,0,619
"2024-01-27 00:13:51.300383",Avallach,0,619
"2024-01-28 00:13:49.983506",Avallach,0,619
"2024-01-29 00:13:48.992672",Avallach,0,619
"2024-01-30 00:13:52.893357",Avallach,0,619
"2024-01-31 00:14:13.517454",Avallach,0,619
"2024-01-01 10:29:20.141094",Btkiing,0,745
"2024-01-02 00:14:23.163090",Btkiing,0,745
"2024-01-03 00:14:30.144844",Btkiing,0,745
"2024-01-04 00:14:31.163259",Btkiing,48427,745
"2024-01-05 00:14:23.712300",Btkiing,6117012,745
"2024-01-06 00:14:04.575448",Btkiing,0,745
"2024-01-07 00:14:26.359237",Btkiing,0,745
"2024-01-08 00:14:22.748405",Btkiing,0,745
"2024-01-09 00:14:21.422834",Btkiing,0,745
"2024-01-10 00:14:34.229950",Btkiing,0,745
"2024-01-11 00:14:29.617500",Btkiing,0,745
"2024-01-12 00:14:23.791854",Btkiing,0,745
"2024-01-13 00:14:27.125875",Btkiing,0,745
"2024-01-14 00:14:27.872157",Btkiing,0,745
"2024-01-15 00:14:28.693554",Btkiing,237454,745
"2024-01-16 00:14:20.760720",Btkiing,0,745
"2024-01-17 00:14:26.295745",Btkiing,0,745
"2024-01-18 00:14:25.808876",Btkiing,0,745
"2024-01-19 00:13:58.930859",Btkiing,0,745
"2024-01-20 00:14:01.432949",Btkiing,0,745
"2024-01-21 00:14:04.750401",Btkiing,145248,745
"2024-01-22 00:14:02.786295",Btkiing,0,745
"2024-01-23 00:14:07.857775",Btkiing,0,745
"2024-01-24 00:14:13.359135",Btkiing,0,745
"2024-01-25 00:14:00.524536",Btkiing,0,745
"2024-01-26 00:14:11.168931",Btkiing,0,745
"2024-01-27 00:14:10.517577",Btkiing,164895,745
"2024-01-28 00:14:06.901733",Btkiing,240748,745
"2024-01-29 00:14:04.294558",Btkiing,0,745
"2024-01-30 00:14:12.970032",Btkiing,53709,745
"2024-01-31 00:14:28.591504",Btkiing,0,745
"2024-01-01 10:29:33.623314","Cait Ulto Daleste",0,367
"2024-01-02 00:14:35.560939","Cait Ulto Daleste",0,367
"2024-01-03 00:14:43.871804","Cait Ulto Daleste",1082952,367
"2024-01-04 00:14:43.685168","Cait Ulto Daleste",0,367
"2024-01-05 00:14:36.620128","Cait Ulto Daleste",15946808,370
"2024-01-06 00:14:21.342547","Cait Ulto Daleste",30407321,374
"2024-01-07 00:14:39.961076","Cait Ulto Daleste",17990724,377
"2024-01-08 00:14:36.237848","Cait Ulto Daleste",0,377
"2024-01-09 00:14:33.530190","Cait Ulto Daleste",0,377
"2024-01-10 00:14:48.421168","Cait Ulto Daleste",0,377
"2024-01-11 00:14:42.061866","Cait Ulto Daleste",0,377
"2024-01-12 00:14:36.116787","Cait Ulto Daleste",0,377
"2024-01-13 00:14:40.052027","Cait Ulto Daleste",-3380080,376
"2024-01-14 00:14:41.407197","Cait Ulto Daleste",0,376
"2024-01-15 00:14:41.078558","Cait Ulto Daleste",0,376
"2024-01-16 00:14:33.018470","Cait Ulto Daleste",0,376
"2024-01-17 00:14:40.003295","Cait Ulto Daleste",0,376
"2024-01-18 00:14:38.145044","Cait Ulto Daleste",0,376
"2024-01-19 00:14:17.275347","Cait Ulto Daleste",0,376
"2024-01-20 00:14:19.442079","Cait Ulto Daleste",0,376
"2024-01-21 00:14:21.767111","Cait Ulto Daleste",0,376
"2024-01-22 00:14:20.721406","Cait Ulto Daleste",0,376
"2024-01-23 00:14:22.872788","Cait Ulto Daleste",0,376
"2024-01-24 00:14:26.541451","Cait Ulto Daleste",0,376
"2024-01-25 00:14:19.352734","Cait Ulto Daleste",0,376
"2024-01-26 00:14:25.070979","Cait Ulto Daleste",0,376
"2024-01-27 00:14:24.760875","Cait Ulto Daleste",0,376
"2024-01-28 00:14:22.797424","Cait Ulto Daleste",0,376
"2024-01-29 00:14:21.614305","Cait Ulto Daleste",0,376
"2024-01-30 00:14:26.188193","Cait Ulto Daleste",0,376
"2024-01-31 00:14:41.576647","Cait Ulto Daleste",0,376
"2024-01-01 10:34:12.040912",Cascudinho,72258607,1231
"2024-01-02 00:18:51.612612",Cascudinho,0,1231
"2024-01-03 00:18:59.912613",Cascudinho,40478900,1231
"2024-01-04 00:19:04.923231",Cascudinho,371257,1231
"2024-01-05 00:18:53.582509",Cascudinho,48722328,1232
"2024-01-06 00:18:31.234057",Cascudinho,182988875,1235
"2024-01-07 00:18:56.075546",Cascudinho,249048454,1238
"2024-01-08 00:18:50.183452",Cascudinho,1649068,1238
"2024-01-09 00:18:42.679412",Cascudinho,359326,1238
"2024-01-10 00:19:15.764077",Cascudinho,53376450,1239
"2024-01-11 00:18:59.574212",Cascudinho,40471509,1239
"2024-01-12 00:18:51.064339",Cascudinho,40541991,1240
"2024-01-13 00:18:56.009139",Cascudinho,102257203,1241
"2024-01-14 00:18:57.737604",Cascudinho,114138360,1242
"2024-01-15 00:18:59.443696",Cascudinho,49840470,1243
"2024-01-16 00:18:39.624588",Cascudinho,110872711,1244
"2024-01-17 00:18:53.731767",Cascudinho,342793366,1249
"2024-01-18 00:18:53.001468",Cascudinho,103391098,1250
"2024-01-19 00:14:32.853772",Cascudinho,22765251,1252
"2024-01-20 00:14:33.994835",Cascudinho,208675611,1253
"2024-01-21 00:14:36.291071",Cascudinho,147541420,1255
"2024-01-22 00:14:35.050936",Cascudinho,95995404,1256
"2024-01-23 00:14:37.482066",Cascudinho,107412808,1258
"2024-01-24 00:14:42.773767",Cascudinho,121829359,1259
"2024-01-25 00:14:34.234086",Cascudinho,93050236,1260
"2024-01-26 00:14:39.678272",Cascudinho,48300651,1261
"2024-01-27 00:14:40.684826",Cascudinho,0,1261
"2024-01-28 00:14:37.426975",Cascudinho,0,1261
"2024-01-29 00:14:36.144239",Cascudinho,51547688,1262
"2024-01-30 00:14:41.026950",Cascudinho,150692326,1264
"2024-01-31 00:14:56.711394",Cascudinho,143990319,1265
"2024-01-01 10:29:48.254840",Darktorthuliosz,91749668,1053
"2024-01-02 00:14:51.694944",Darktorthuliosz,39532604,1053
"2024-01-03 00:14:58.906960",Darktorthuliosz,0,1053
"2024-01-04 00:14:59.469063",Darktorthuliosz,80043776,1054
"2024-01-05 00:14:51.893432",Darktorthuliosz,246579575,1060
"2024-01-06 00:14:35.911699",Darktorthuliosz,383852298,1066
"2024-01-07 00:14:54.769512",Darktorthuliosz,325610949,1071
"2024-01-08 00:14:50.837908",Darktorthuliosz,138167104,1074
"2024-01-09 00:14:47.861792",Darktorthuliosz,32441688,1074
"2024-01-10 00:15:05.881816",Darktorthuliosz,961198,1074
"2024-01-11 00:14:58.049356",Darktorthuliosz,1063980,1074
"2024-01-12 00:14:51.846485",Darktorthuliosz,26263431,1075
"2024-01-13 00:14:55.414361",Darktorthuliosz,139419758,1077
"2024-01-14 00:14:56.398460",Darktorthuliosz,36862742,1078
"2024-01-15 00:14:56.169878",Darktorthuliosz,53589798,1079
"2024-01-16 00:14:47.287577",Darktorthuliosz,26361792,1079
"2024-01-17 00:14:54.688358",Darktorthuliosz,249645014,1085
"2024-01-18 00:14:53.859092",Darktorthuliosz,275730639,1088
"2024-01-19 00:14:47.232259",Darktorthuliosz,49006572,1089
"2024-01-20 00:14:48.606505",Darktorthuliosz,115540874,1091
"2024-01-21 00:14:50.932703",Darktorthuliosz,94763226,1093
"2024-01-22 00:14:50.656680",Darktorthuliosz,31593960,1093
"2024-01-23 00:14:53.562228",Darktorthuliosz,0,1093
"2024-01-24 00:14:57.948104",Darktorthuliosz,0,1093
"2024-01-25 00:14:49.024507",Darktorthuliosz,18635124,1093
"2024-01-26 00:14:55.559895",Darktorthuliosz,0,1093
"2024-01-27 00:14:55.376875",Darktorthuliosz,0,1093
"2024-01-28 00:14:52.913211",Darktorthuliosz,0,1093
"2024-01-29 00:14:51.973070",Darktorthuliosz,0,1093
"2024-01-30 00:14:57.407632",Darktorthuliosz,0,1093
"2024-01-01 10:26:01.414435","Dener Forward",0,1200
"2024-01-02 00:11:00.656638","Dener Forward",0,1200
"2024-01-03 00:11:06.987010","Dener Forward",0,1200
"2024-01-04 00:11:08.132701","Dener Forward",0,1200
"2024-01-05 00:11:00.943350","Dener Forward",0,1200
"2024-01-06 00:11:02.661079","Dener Forward",0,1200
"2024-01-07 00:11:01.731386","Dener Forward",0,1200
"2024-01-08 00:11:02.951909","Dener Forward",0,1200
"2024-01-09 00:10:58.994294","Dener Forward",0,1200
"2024-01-10 00:11:03.031628","Dener Forward",0,1200
"2024-01-11 00:11:07.873701","Dener Forward",0,1200
"2024-01-12 00:11:01.742994","Dener Forward",0,1200
"2024-01-13 00:11:03.546409","Dener Forward",0,1200
"2024-01-14 00:11:04.612125","Dener Forward",0,1200
"2024-01-15 00:11:02.184759","Dener Forward",0,1200
"2024-01-16 00:11:00.855063","Dener Forward",0,1200
"2024-01-17 00:11:04.429701","Dener Forward",2640,1200
"2024-01-18 00:11:01.743199","Dener Forward",0,1200
"2024-01-19 00:11:00.991047","Dener Forward",0,1200
"2024-01-20 00:11:00.951120","Dener Forward",0,1200
"2024-01-21 00:11:02.518543","Dener Forward",0,1200
"2024-01-22 00:11:01.544586","Dener Forward",0,1200
"2024-01-23 00:11:00.868173","Dener Forward",0,1200
"2024-01-24 00:11:06.716983","Dener Forward",0,1200
"2024-01-25 00:11:01.236966","Dener Forward",0,1200
"2024-01-26 00:11:05.261304","Dener Forward",0,1200
"2024-01-27 00:11:05.543033","Dener Forward",0,1200
"2024-01-28 00:11:03.940074","Dener Forward",0,1200
"2024-01-29 00:11:02.988627","Dener Forward",0,1200
"2024-01-30 00:11:05.292008","Dener Forward",0,1200
"2024-01-31 00:11:20.380391","Dener Forward",0,1200
"2024-01-01 10:30:00.026060","Deregue Jhonson",0,303
"2024-01-01 10:30:27.510301",Diadorim,0,672
"2024-01-02 00:15:10.858433",Diadorim,0,672
"2024-01-03 00:15:20.431904",Diadorim,0,672
"2024-01-04 00:15:21.322852",Diadorim,0,672
"2024-01-05 00:15:10.837338",Diadorim,0,672
"2024-01-06 00:14:50.156215",Diadorim,0,672
"2024-01-07 00:15:15.834973",Diadorim,0,672
"2024-01-08 00:15:08.712936",Diadorim,0,672
"2024-01-09 00:15:03.975952",Diadorim,0,672
"2024-01-10 00:15:22.323752",Diadorim,0,672
"2024-01-11 00:15:18.935730",Diadorim,0,672
"2024-01-12 00:15:11.211078",Diadorim,0,672
"2024-01-13 00:15:16.215746",Diadorim,0,672
"2024-01-14 00:15:17.314342",Diadorim,0,672
"2024-01-15 00:15:19.057801",Diadorim,0,672
"2024-01-16 00:15:01.127525",Diadorim,115663,672
"2024-01-17 00:15:15.309414",Diadorim,0,672
"2024-01-18 00:15:13.636487",Diadorim,0,672
"2024-01-19 00:15:00.975781",Diadorim,2110541,672
"2024-01-20 00:15:03.116812",Diadorim,0,672
"2024-01-21 00:15:10.044176",Diadorim,0,672
"2024-01-22 00:15:07.940745",Diadorim,0,672
"2024-01-23 00:15:13.526015",Diadorim,0,672
"2024-01-24 00:15:19.194025",Diadorim,0,672
"2024-01-25 00:15:04.785614",Diadorim,0,672
"2024-01-26 00:15:16.806211",Diadorim,0,672
"2024-01-27 00:15:16.828177",Diadorim,0,672
"2024-01-28 00:15:11.854076",Diadorim,0,672
"2024-01-29 00:15:10.388805",Diadorim,0,672
"2024-01-30 00:15:18.490138",Diadorim,0,672
"2024-01-31 00:15:36.974847",Diadorim,0,672
"2024-01-29 00:15:25.953747","Dine Abu",21388831,651
"2024-01-30 00:15:33.389763","Dine Abu",0,651
"2024-01-31 00:15:52.090893","Dine Abu",0,651
"2024-01-01 10:30:43.237055",Falka,0,911
"2024-01-02 00:15:26.187924",Falka,0,911
"2024-01-03 00:15:35.686229",Falka,0,911
"2024-01-04 00:15:36.240419",Falka,0,911
"2024-01-05 00:15:26.475258",Falka,0,911
"2024-01-06 00:15:10.785373",Falka,0,911
"2024-01-07 00:15:30.920499",Falka,0,911
"2024-01-08 00:15:24.941539",Falka,0,911
"2024-01-09 00:15:22.710038",Falka,0,911
"2024-01-10 00:15:37.709566",Falka,0,911
"2024-01-11 00:15:33.803481",Falka,0,911
"2024-01-12 00:15:26.421710",Falka,0,911
"2024-01-13 00:15:31.000639",Falka,0,911
"2024-01-14 00:15:32.233240",Falka,0,911
"2024-01-15 00:15:33.861877",Falka,0,911
"2024-01-16 00:15:21.151043",Falka,0,911
"2024-01-17 00:15:30.249459",Falka,0,911
"2024-01-18 00:15:28.804700",Falka,0,911
"2024-01-19 00:15:21.644083",Falka,0,911
"2024-01-20 00:15:23.146445",Falka,0,911
"2024-01-21 00:15:26.278702",Falka,0,911
"2024-01-22 00:15:24.493898",Falka,0,911
"2024-01-23 00:15:28.837422",Falka,0,911
"2024-01-24 00:15:34.276049",Falka,0,911
"2024-01-25 00:15:23.344512",Falka,0,911
"2024-01-26 00:15:31.573251",Falka,0,911
"2024-01-27 00:15:31.506386",Falka,0,911
"2024-01-28 00:15:27.329250",Falka,0,911
"2024-01-29 00:15:40.624916",Falka,0,911
"2024-01-30 00:15:48.451433",Falka,0,911
"2024-01-31 00:16:21.499990",Falka,0,911
"2024-01-01 10:30:58.443707",Goraibe,0,1086
"2024-01-02 00:15:41.033621",Goraibe,0,1086
"2024-01-03 00:15:50.965570",Goraibe,0,1086
"2024-01-04 00:15:51.890474",Goraibe,0,1086
"2024-01-05 00:15:42.007510",Goraibe,0,1086
"2024-01-06 00:15:26.340324",Goraibe,0,1086
"2024-01-07 00:15:47.100190",Goraibe,0,1086
"2024-01-08 00:15:40.785983",Goraibe,0,1086
"2024-01-09 00:15:37.324188",Goraibe,0,1086
"2024-01-10 00:15:54.032795",Goraibe,24579516,1087
"2024-01-11 00:15:48.749961",Goraibe,0,1087
"2024-01-12 00:15:41.032074",Goraibe,108,1087
"2024-01-13 00:15:46.572788",Goraibe,47728022,1087
"2024-01-14 00:15:47.207917",Goraibe,648,1087
"2024-01-15 00:15:49.168424",Goraibe,0,1087
"2024-01-16 00:15:35.772480",Goraibe,0,1087
"2024-01-17 00:15:45.264074",Goraibe,131890552,1090
"2024-01-18 00:15:43.733574",Goraibe,0,1090
"2024-01-19 00:15:36.259249",Goraibe,0,1090
"2024-01-20 00:15:37.896298",Goraibe,0,1090
"2024-01-21 00:15:41.328555",Goraibe,0,1090
"2024-01-22 00:15:39.369830",Goraibe,0,1090
"2024-01-23 00:15:43.719680",Goraibe,0,1090
"2024-01-24 00:15:50.734458",Goraibe,0,1090
"2024-01-25 00:15:38.362589",Goraibe,0,1090
"2024-01-26 00:15:46.498159",Goraibe,0,1090
"2024-01-27 00:15:47.209164",Goraibe,117762791,1092
"2024-01-28 00:15:42.317764",Goraibe,49507190,1092
"2024-01-29 00:15:57.123517",Goraibe,0,1092
"2024-01-30 00:16:08.542564",Goraibe,0,1092
"2024-01-31 00:16:36.324543",Goraibe,0,1092
"2024-01-01 10:31:21.223515","Guu K",0,1392
"2024-01-02 00:15:57.723380","Guu K",0,1392
"2024-01-03 00:16:13.036546","Guu K",0,1392
"2024-01-04 00:16:16.357828","Guu K",74214792,1393
"2024-01-05 00:15:58.725774","Guu K",243077728,1395
"2024-01-06 00:15:41.643446","Guu K",476043422,1400
"2024-01-07 00:16:05.231188","Guu K",361643211,1404
"2024-01-08 00:15:56.821959","Guu K",244021592,1406
"2024-01-09 00:15:52.643657","Guu K",0,1406
"2024-01-10 00:16:16.726689","Guu K",0,1406
"2024-01-11 00:16:08.872230","Guu K",119664,1406
"2024-01-12 00:15:57.767222","Guu K",736985,1406
"2024-01-13 00:16:05.236186","Guu K",0,1406
"2024-01-14 00:16:05.112184","Guu K",0,1406
"2024-01-15 00:16:10.027749","Guu K",36050712,1406
"2024-01-16 00:15:51.146242","Guu K",0,1406
"2024-01-17 00:16:01.367653","Guu K",363095454,1410
"2024-01-18 00:16:00.578683","Guu K",250123284,1413
"2024-01-19 00:15:51.817290","Guu K",0,1413
"2024-01-20 00:15:53.646812","Guu K",0,1413
"2024-01-21 00:15:57.105507","Guu K",0,1413
"2024-01-22 00:15:56.169122","Guu K",0,1413
"2024-01-23 00:16:02.206496","Guu K",0,1413
"2024-01-24 00:16:12.144663","Guu K",0,1413
"2024-01-25 00:15:54.159941","Guu K",0,1413
"2024-01-26 00:16:03.513751","Guu K",0,1413
"2024-01-27 00:16:04.822279","Guu K",0,1413
"2024-01-28 00:15:59.088683","Guu K",0,1413
"2024-01-29 00:16:20.078991","Guu K",0,1413
"2024-01-30 00:16:26.456125","Guu K",0,1413
"2024-01-31 00:17:03.751572","Guu K",0,1413
"2024-01-01 10:31:36.158065",Headhunterz,1094903,817
"2024-01-02 00:16:20.299720",Headhunterz,285171,817
"2024-01-03 00:16:28.317803",Headhunterz,1175185,817
"2024-01-04 00:16:31.978301",Headhunterz,8780,817
"2024-01-05 00:16:21.514136",Headhunterz,51711347,819
"2024-01-06 00:15:57.966815",Headhunterz,269630948,828
"2024-01-07 00:16:23.934949",Headhunterz,344476749,838
"2024-01-08 00:16:19.070967",Headhunterz,293187484,845
"2024-01-09 00:16:14.966810",Headhunterz,2239891,845
"2024-01-10 00:16:32.422222",Headhunterz,0,845
"2024-01-11 00:16:26.400564",Headhunterz,924424,845
"2024-01-12 00:16:19.771604",Headhunterz,285968,845
"2024-01-13 00:16:23.968028",Headhunterz,1665259,845
"2024-01-14 00:16:23.991881",Headhunterz,1150381,845
"2024-01-15 00:16:26.649394",Headhunterz,404697,845
"2024-01-16 00:16:10.242390",Headhunterz,752522,845
"2024-01-17 00:16:21.580784",Headhunterz,16554888,846
"2024-01-18 00:16:22.008235",Headhunterz,300845912,855
"2024-01-19 00:16:11.694970",Headhunterz,98330752,857
"2024-01-20 00:16:15.582057",Headhunterz,35764834,858
"2024-01-21 00:16:20.915702",Headhunterz,97236941,860
"2024-01-22 00:16:18.389033",Headhunterz,73015392,862
"2024-01-23 00:16:21.696690",Headhunterz,74745578,864
"2024-01-24 00:16:27.371451",Headhunterz,90688390,867
"2024-01-25 00:16:16.645911",Headhunterz,132572458,870
"2024-01-26 00:16:23.474727",Headhunterz,77561437,872
"2024-01-27 00:16:23.725418",Headhunterz,1159,872
"2024-01-28 00:16:21.320039",Headhunterz,103667211,875
"2024-01-29 00:16:35.655054",Headhunterz,60684267,877
"2024-01-30 00:16:42.125020",Headhunterz,112645160,879
"2024-01-31 00:17:20.016673",Headhunterz,113821266,883
"2024-01-01 10:31:51.151643","Helping Hands",0,656
"2024-01-02 00:16:33.662498","Helping Hands",0,656
"2024-01-03 00:16:42.067103","Helping Hands",0,656
"2024-01-04 00:16:45.452238","Helping Hands",0,656
"2024-01-05 00:16:35.102914","Helping Hands",0,656
"2024-01-06 00:16:18.091060","Helping Hands",0,656
"2024-01-07 00:16:37.910138","Helping Hands",0,656
"2024-01-08 00:16:32.461595","Helping Hands",0,656
"2024-01-09 00:16:28.131782","Helping Hands",0,656
"2024-01-10 00:16:45.957490","Helping Hands",0,656
"2024-01-11 00:16:40.086077","Helping Hands",0,656
"2024-01-12 00:16:33.540913","Helping Hands",0,656
"2024-01-13 00:16:37.613615","Helping Hands",0,656
"2024-01-14 00:16:37.552979","Helping Hands",0,656
"2024-01-15 00:16:39.946934","Helping Hands",0,656
"2024-01-16 00:16:25.033013","Helping Hands",0,656
"2024-01-17 00:16:35.617172","Helping Hands",0,656
"2024-01-18 00:16:36.077606","Helping Hands",0,656
"2024-01-19 00:16:25.513055","Helping Hands",0,656
"2024-01-20 00:16:29.099829","Helping Hands",0,656
"2024-01-21 00:16:34.523638","Helping Hands",0,656
"2024-01-22 00:16:31.592681","Helping Hands",0,656
"2024-01-23 00:16:35.067899","Helping Hands",0,656
"2024-01-24 00:16:41.365278","Helping Hands",0,656
"2024-01-25 00:16:30.916342","Helping Hands",0,656
"2024-01-26 00:16:36.947532","Helping Hands",0,656
"2024-01-27 00:16:37.190374","Helping Hands",0,656
"2024-01-28 00:16:34.794825","Helping Hands",0,656
"2024-01-29 00:16:49.034407","Helping Hands",0,656
"2024-01-30 00:16:56.021520","Helping Hands",0,656
"2024-01-31 00:17:38.423736","Helping Hands",0,656
"2024-01-01 10:32:06.557519",Hermano,0,435
"2024-01-02 00:16:46.857498",Hermano,0,435
"2024-01-03 00:16:55.561770",Hermano,0,435
"2024-01-04 00:16:59.423506",Hermano,0,435
"2024-01-05 00:16:48.504430",Hermano,0,435
"2024-01-06 00:16:30.710361",Hermano,0,435
"2024-01-07 00:16:52.538936",Hermano,0,435
"2024-01-08 00:16:46.811819",Hermano,0,435
"2024-01-09 00:16:41.169305",Hermano,0,435
"2024-01-10 00:16:58.694028",Hermano,0,435
"2024-01-11 00:16:54.052288",Hermano,0,435
"2024-01-12 00:16:46.680725",Hermano,0,435
"2024-01-13 00:16:51.724512",Hermano,0,435
"2024-01-14 00:16:52.028832",Hermano,0,435
"2024-01-15 00:16:53.183486",Hermano,0,435
"2024-01-16 00:16:37.986569",Hermano,0,435
"2024-01-17 00:16:49.449499",Hermano,0,435
"2024-01-18 00:16:48.642605",Hermano,0,435
"2024-01-19 00:16:40.233554",Hermano,0,435
"2024-01-20 00:16:43.333297",Hermano,0,435
"2024-01-21 00:16:47.831275",Hermano,0,435
"2024-01-22 00:16:44.572922",Hermano,0,435
"2024-01-23 00:16:48.286490",Hermano,0,435
"2024-01-24 00:16:55.937244",Hermano,0,435
"2024-01-25 00:16:44.260934",Hermano,0,435
"2024-01-26 00:16:50.167947",Hermano,0,435
"2024-01-27 00:16:51.592889",Hermano,0,435
"2024-01-28 00:16:48.695472",Hermano,0,435
"2024-01-29 00:17:05.291494",Hermano,0,435
"2024-01-30 00:17:15.657804",Hermano,0,435
"2024-01-31 00:17:56.790294",Hermano,0,435
"2024-01-01 10:32:20.143163",Ironn,0,323
"2024-01-02 00:16:58.580586",Ironn,0,323
"2024-01-03 00:17:10.769748",Ironn,0,323
"2024-01-04 00:17:14.811467",Ironn,0,323
"2024-01-05 00:16:59.873930",Ironn,0,323
"2024-01-06 00:16:41.355899",Ironn,0,323
"2024-01-07 00:17:07.137776",Ironn,0,323
"2024-01-08 00:16:57.426521",Ironn,0,323
"2024-01-09 00:16:51.683949",Ironn,0,323
"2024-01-10 00:17:12.927352",Ironn,0,323
"2024-01-11 00:17:09.754189",Ironn,0,323
"2024-01-12 00:16:58.383406",Ironn,0,323
"2024-01-13 00:17:06.696524",Ironn,0,323
"2024-01-14 00:17:05.684311",Ironn,0,323
"2024-01-15 00:17:07.901136",Ironn,0,323
"2024-01-16 00:16:49.685255",Ironn,0,323
"2024-01-17 00:17:00.177983",Ironn,0,323
"2024-01-18 00:17:00.881899",Ironn,0,323
"2024-01-19 00:16:50.809909",Ironn,0,323
"2024-01-20 00:16:54.063053",Ironn,0,323
"2024-01-21 00:16:58.585928",Ironn,0,323
"2024-01-22 00:16:55.213475",Ironn,0,323
"2024-01-23 00:16:59.573012",Ironn,0,323
"2024-01-24 00:17:10.777443",Ironn,0,323
"2024-01-25 00:16:55.071309",Ironn,0,323
"2024-01-26 00:17:04.636881",Ironn,0,323
"2024-01-27 00:17:03.431809",Ironn,0,323
"2024-01-28 00:16:59.976366",Ironn,0,323
"2024-01-29 00:17:19.748172",Ironn,0,323
"2024-01-30 00:17:26.499426",Ironn,0,323
"2024-01-31 00:18:11.088396",Ironn,0,323
"2024-01-01 10:32:34.713027",Iroon,1244268,918
"2024-01-02 00:17:20.436209",Iroon,54711676,919
"2024-01-03 00:17:26.752496",Iroon,151668,919
"2024-01-04 00:17:29.936380",Iroon,633873,919
"2024-01-05 00:17:21.990346",Iroon,306659487,926
"2024-01-06 00:16:56.532856",Iroon,364392490,935
"2024-01-07 00:17:24.782271",Iroon,240666585,940
"2024-01-08 00:17:19.244672",Iroon,86240231,942
"2024-01-09 00:17:12.439943",Iroon,0,942
"2024-01-10 00:17:28.354769",Iroon,0,942
"2024-01-11 00:17:26.569642",Iroon,62194018,943
"2024-01-12 00:17:20.391544",Iroon,29609229,944
"2024-01-13 00:17:24.687571",Iroon,25065249,945
"2024-01-14 00:17:24.345905",Iroon,34216767,945
"2024-01-15 00:17:26.421930",Iroon,106251551,948
"2024-01-16 00:17:07.917486",Iroon,12166291,948
"2024-01-17 00:17:22.097451",Iroon,235138566,953
"2024-01-18 00:17:22.857946",Iroon,87586974,955
"2024-01-19 00:17:10.326595",Iroon,0,955
"2024-01-20 00:17:16.632880",Iroon,0,955
"2024-01-21 00:17:22.123878",Iroon,0,955
"2024-01-22 00:17:17.355506",Iroon,90011228,957
"2024-01-23 00:17:21.704532",Iroon,74336597,959
"2024-01-24 00:17:27.448355",Iroon,44649597,960
"2024-01-25 00:17:18.298138",Iroon,187403441,964
"2024-01-26 00:17:24.181477",Iroon,-24036136,963
"2024-01-27 00:17:23.467532",Iroon,141899094,966
"2024-01-28 00:17:22.477039",Iroon,39265490,967
"2024-01-29 00:17:35.132408",Iroon,-29087771,967
"2024-01-30 00:17:42.153305",Iroon,72394567,968
"2024-01-31 00:18:36.032164",Iroon,0,968
"2024-01-01 10:32:45.565399",Jackie,1454982,241
"2024-01-02 00:17:30.855345",Jackie,0,241
"2024-01-03 00:17:37.274356",Jackie,1288558,242
"2024-01-04 00:17:40.783228",Jackie,-4182,242
"2024-01-05 00:17:32.348789",Jackie,5804835,244
"2024-01-06 00:17:11.127148",Jackie,6122986,246
"2024-01-07 00:17:35.354031",Jackie,30886157,256
"2024-01-08 00:17:29.500019",Jackie,0,256
"2024-01-09 00:17:23.751214",Jackie,0,256
"2024-01-10 00:17:38.825303",Jackie,0,256
"2024-01-11 00:17:37.481434",Jackie,0,256
"2024-01-12 00:17:30.772130",Jackie,0,256
"2024-01-13 00:17:35.257986",Jackie,673192,256
"2024-01-14 00:17:34.872472",Jackie,0,256
"2024-01-15 00:17:37.450244",Jackie,1860000,256
"2024-01-16 00:17:20.308129",Jackie,0,256
"2024-01-17 00:17:32.697839",Jackie,0,256
"2024-01-18 00:17:33.342612",Jackie,0,256
"2024-01-19 00:17:22.103264",Jackie,0,256
"2024-01-20 00:17:27.171749",Jackie,0,256
"2024-01-21 00:17:32.643073",Jackie,0,256
"2024-01-22 00:17:27.823137",Jackie,0,256
"2024-01-23 00:17:32.079615",Jackie,0,256
"2024-01-24 00:17:38.059422",Jackie,0,256
"2024-01-25 00:17:29.972651",Jackie,0,256
"2024-01-26 00:17:35.275007",Jackie,0,256
"2024-01-27 00:17:34.212542",Jackie,0,256
"2024-01-28 00:17:32.918887",Jackie,0,256
"2024-01-29 00:17:45.677074",Jackie,0,256
"2024-01-30 00:17:52.972598",Jackie,0,256
"2024-01-31 00:18:56.510154",Jackie,577,256
"2024-01-01 10:33:02.266002","Jah Rakal",0,1070
"2024-01-02 00:17:46.575438","Jah Rakal",0,1070
"2024-01-03 00:17:53.146710","Jah Rakal",0,1070
"2024-01-04 00:17:56.483589","Jah Rakal",0,1070
"2024-01-05 00:17:48.730585","Jah Rakal",308614144,1075
"2024-01-06 00:17:26.019517","Jah Rakal",322756227,1081
"2024-01-07 00:17:51.077163","Jah Rakal",245565391,1085
"2024-01-08 00:17:44.695825","Jah Rakal",0,1085
"2024-01-09 00:17:38.905723","Jah Rakal",0,1085
"2024-01-10 00:17:54.333755","Jah Rakal",0,1085
"2024-01-11 00:17:53.224267","Jah Rakal",46798220,1086
"2024-01-12 00:17:45.872661","Jah Rakal",58824571,1087
"2024-01-13 00:17:50.869023","Jah Rakal",32222120,1087
"2024-01-14 00:17:50.401496","Jah Rakal",528769,1087
"2024-01-15 00:17:52.909282","Jah Rakal",43119133,1088
"2024-01-16 00:17:35.575693","Jah Rakal",7194344,1088
"2024-01-17 00:17:48.288921","Jah Rakal",272046892,1093
"2024-01-18 00:17:48.941904","Jah Rakal",70821830,1094
"2024-01-19 00:17:37.290486","Jah Rakal",0,1094
"2024-01-20 00:17:42.596571","Jah Rakal",0,1094
"2024-01-21 00:17:48.203622","Jah Rakal",0,1094
"2024-01-22 00:17:43.173618","Jah Rakal",61831096,1095
"2024-01-23 00:17:47.924485","Jah Rakal",87314049,1096
"2024-01-24 00:17:53.807772","Jah Rakal",73372557,1097
"2024-01-25 00:17:45.713200","Jah Rakal",56033892,1098
"2024-01-26 00:17:50.688317","Jah Rakal",0,1098
"2024-01-27 00:17:50.372105","Jah Rakal",0,1098
"2024-01-28 00:17:48.510899","Jah Rakal",0,1098
"2024-01-29 00:18:00.603692","Jah Rakal",0,1098
"2024-01-30 00:18:14.871177","Jah Rakal",0,1098
"2024-01-31 00:19:20.535897","Jah Rakal",0,1098
"2024-01-01 10:33:22.093548",Johanzada,0,785
"2024-01-02 00:18:01.905798",Johanzada,0,785
"2024-01-03 00:18:15.752553",Johanzada,0,785
"2024-01-04 00:18:19.025916",Johanzada,0,785
"2024-01-05 00:18:08.441613",Johanzada,0,785
"2024-01-06 00:17:41.684766",Johanzada,0,785
"2024-01-07 00:18:11.998660",Johanzada,0,785
"2024-01-08 00:18:01.556812",Johanzada,0,785
"2024-01-09 00:17:53.458234",Johanzada,0,785
"2024-01-10 00:18:18.761556",Johanzada,0,785
"2024-01-11 00:18:15.974002",Johanzada,0,785
"2024-01-12 00:18:01.085914",Johanzada,0,785
"2024-01-13 00:18:12.178526",Johanzada,0,785
"2024-01-14 00:18:13.534647",Johanzada,0,785
"2024-01-15 00:18:15.514037",Johanzada,0,785
"2024-01-16 00:17:50.209102",Johanzada,0,785
"2024-01-17 00:18:07.834125",Johanzada,0,785
"2024-01-18 00:18:06.136796",Johanzada,0,785
"2024-01-19 00:17:53.365568",Johanzada,0,785
"2024-01-20 00:17:57.665829",Johanzada,0,785
"2024-01-21 00:18:04.835041",Johanzada,0,785
"2024-01-22 00:17:59.287149",Johanzada,0,785
"2024-01-23 00:18:07.140832",Johanzada,0,785
"2024-01-24 00:18:17.039598",Johanzada,0,785
"2024-01-25 00:18:01.011517",Johanzada,0,785
"2024-01-26 00:18:10.884688",Johanzada,0,785
"2024-01-27 00:18:11.649199",Johanzada,0,785
"2024-01-28 00:18:05.441771",Johanzada,0,785
"2024-01-29 00:18:22.355387",Johanzada,0,785
"2024-01-30 00:18:30.729928",Johanzada,0,785
"2024-01-31 00:19:42.729992",Johanzada,0,785
"2024-01-01 10:33:35.853560","John Morgan",411038,811
"2024-01-02 00:18:21.586333","John Morgan",247570,811
"2024-01-03 00:18:29.506900","John Morgan",630605,811
"2024-01-04 00:18:32.639845","John Morgan",400817,811
"2024-01-05 00:18:23.679662","John Morgan",1582940,811
"2024-01-06 00:17:54.947731","John Morgan",0,811
"2024-01-07 00:18:25.803340","John Morgan",1198671,811
"2024-01-08 00:18:20.648321","John Morgan",264228,811
"2024-01-09 00:18:12.126590","John Morgan",0,811
"2024-01-10 00:18:36.926697","John Morgan",0,811
"2024-01-11 00:18:29.649507","John Morgan",711929,811
"2024-01-12 00:18:21.602288","John Morgan",482376,811
"2024-01-13 00:18:26.369478","John Morgan",243793,811
"2024-01-14 00:18:27.961250","John Morgan",704942,811
"2024-01-15 00:18:29.968504","John Morgan",2471831,811
"2024-01-16 00:18:08.156205","John Morgan",0,811
"2024-01-17 00:18:24.255085","John Morgan",388915,811
"2024-01-18 00:18:23.599371","John Morgan",1022446,811
"2024-01-19 00:18:13.293134","John Morgan",0,811
"2024-01-20 00:18:18.048061","John Morgan",657213,812
"2024-01-21 00:18:23.429106","John Morgan",1963227,812
"2024-01-22 00:18:19.669701","John Morgan",630418,812
"2024-01-23 00:18:23.344927","John Morgan",369069,812
"2024-01-24 00:18:31.309381","John Morgan",296834,812
"2024-01-25 00:18:20.701371","John Morgan",435337,812
"2024-01-26 00:18:26.954744","John Morgan",0,812
"2024-01-27 00:18:26.074969","John Morgan",412210,812
"2024-01-28 00:18:23.544775","John Morgan",615750,812
"2024-01-29 00:18:35.785048","John Morgan",539778,812
"2024-01-30 00:18:44.451407","John Morgan",724597,812
"2024-01-31 00:19:56.540049","John Morgan",5111698,812
"2024-01-01 10:33:50.669459",Juunexx,0,1073
"2024-01-02 00:18:37.019285",Juunexx,0,1073
"2024-01-03 00:18:44.920637",Juunexx,0,1073
"2024-01-04 00:18:47.951718",Juunexx,0,1073
"2024-01-05 00:18:38.872583",Juunexx,245222499,1078
"2024-01-06 00:18:16.113636",Juunexx,232362759,1083
"2024-01-07 00:18:41.024587",Juunexx,361462184,1088
"2024-01-08 00:18:35.600866",Juunexx,0,1088
"2024-01-09 00:18:28.318857",Juunexx,0,1088
"2024-01-10 00:18:51.852324",Juunexx,2271753,1088
"2024-01-11 00:18:44.727156",Juunexx,0,1088
"2024-01-12 00:18:36.605658",Juunexx,0,1088
"2024-01-13 00:18:41.114561",Juunexx,157084660,1090
"2024-01-14 00:18:42.809947",Juunexx,118245672,1092
"2024-01-15 00:18:44.798979",Juunexx,79793215,1094
"2024-01-16 00:18:25.309102",Juunexx,84158725,1095
"2024-01-17 00:18:39.065399",Juunexx,144088743,1098
"2024-01-18 00:18:38.426702",Juunexx,132744545,1100
"2024-01-19 00:18:27.837574",Juunexx,0,1100
"2024-01-20 00:18:32.741693",Juunexx,0,1100
"2024-01-21 00:18:38.029203",Juunexx,134578721,1102
"2024-01-22 00:18:34.191205",Juunexx,99887887,1104
"2024-01-23 00:18:38.235414",Juunexx,89734742,1105
"2024-01-24 00:18:46.477860",Juunexx,0,1105
"2024-01-25 00:18:36.648629",Juunexx,93270281,1107
"2024-01-26 00:18:42.327978",Juunexx,20338344,1107
"2024-01-27 00:18:41.316926",Juunexx,0,1107
"2024-01-28 00:18:38.322834",Juunexx,112781480,1109
"2024-01-29 00:18:50.548008",Juunexx,108107935,1111
"2024-01-30 00:18:59.406724",Juunexx,0,1111
"2024-01-31 00:20:15.706665",Juunexx,6734182,1111
"2024-01-01 10:26:22.401171",Kaiicsz,-154908708,1407
"2024-01-02 00:11:21.984857",Kaiicsz,116912903,1408
"2024-01-03 00:11:25.252561",Kaiicsz,71235808,1409
"2024-01-04 00:11:25.741936",Kaiicsz,70246368,1409
"2024-01-05 00:11:22.500004",Kaiicsz,117868100,1411
"2024-01-06 00:11:22.701223",Kaiicsz,450100133,1415
"2024-01-07 00:11:22.511061",Kaiicsz,230081829,1417
"2024-01-08 00:11:22.499296",Kaiicsz,2322464,1417
"2024-01-09 00:11:21.824037",Kaiicsz,70070220,1418
"2024-01-11 00:11:25.829162",Kaiicsz,67468212,1420
"2024-01-12 00:11:22.068299",Kaiicsz,66701977,1420
"2024-01-13 00:11:23.376622",Kaiicsz,67463874,1421
"2024-01-14 00:11:24.158077",Kaiicsz,69471004,1422
"2024-01-15 00:11:22.956680",Kaiicsz,70215264,1422
"2024-01-16 00:11:21.639188",Kaiicsz,64298916,1423
"2024-01-17 00:11:23.879545",Kaiicsz,397596605,1427
"2024-01-18 00:11:22.801486",Kaiicsz,157464735,1428
"2024-01-19 00:11:22.283677",Kaiicsz,95119374,1429
"2024-01-20 00:11:23.619151",Kaiicsz,65987232,1430
"2024-01-21 00:11:22.745868",Kaiicsz,67634338,1431
"2024-01-22 00:11:22.050953",Kaiicsz,60120108,1431
"2024-01-23 00:11:21.990408",Kaiicsz,70081344,1432
"2024-01-24 00:11:25.210600",Kaiicsz,80657944,1433
"2024-01-25 00:11:22.017242",Kaiicsz,90639254,1434
"2024-01-26 00:11:24.964609",Kaiicsz,70398576,1434
"2024-01-27 00:11:24.829773",Kaiicsz,61134552,1435
"2024-01-28 00:11:23.972538",Kaiicsz,39758125,1435
"2024-01-29 00:11:22.916520",Kaiicsz,70040844,1436
"2024-01-30 00:11:24.768843",Kaiicsz,60135372,1436
"2024-01-31 00:11:40.851948",Kaiicsz,89571823,1437
"2024-01-29 00:19:10.454677","Kong Abu",23562562,663
"2024-01-30 00:19:22.112505","Kong Abu",0,663
"2024-01-31 00:20:36.134494","Kong Abu",14051213,664
"2024-01-01 10:34:27.490707",Krawkz,0,762
"2024-01-02 00:19:13.116820",Krawkz,0,762
"2024-01-03 00:19:23.120896",Krawkz,0,762
"2024-01-04 00:19:24.269729",Krawkz,0,762
"2024-01-05 00:19:17.540429",Krawkz,0,762
"2024-01-06 00:18:46.030321",Krawkz,0,762
"2024-01-07 00:19:21.573001",Krawkz,0,762
"2024-01-08 00:19:12.541602",Krawkz,0,762
"2024-01-09 00:18:57.642407",Krawkz,0,762
"2024-01-10 00:19:34.802204",Krawkz,0,762
"2024-01-11 00:19:22.898240",Krawkz,0,762
"2024-01-12 00:19:11.785736",Krawkz,0,762
"2024-01-13 00:19:21.400640",Krawkz,0,762
"2024-01-14 00:19:21.703841",Krawkz,0,762
"2024-01-15 00:19:22.397343",Krawkz,0,762
"2024-01-16 00:18:54.790194",Krawkz,0,762
"2024-01-17 00:19:18.648973",Krawkz,585437,762
"2024-01-18 00:19:15.204981",Krawkz,799957,762
"2024-01-19 00:18:42.287050",Krawkz,237221,762
"2024-01-20 00:18:48.877408",Krawkz,0,762
"2024-01-21 00:18:52.954614",Krawkz,0,762
"2024-01-22 00:18:48.935680",Krawkz,486,762
"2024-01-23 00:18:52.952734",Krawkz,435458,762
"2024-01-24 00:19:02.023203",Krawkz,418290,762
"2024-01-25 00:18:51.746166",Krawkz,294146,762
"2024-01-26 00:18:57.089114",Krawkz,0,762
"2024-01-27 00:18:56.033282",Krawkz,0,762
"2024-01-28 00:18:53.212827",Krawkz,32115760,764
"2024-01-29 00:19:27.560293",Krawkz,7994937,764
"2024-01-30 00:19:38.269108",Krawkz,2497829,764
"2024-01-31 00:20:51.567768",Krawkz,569362,764
"2024-01-01 10:26:37.324977",Kubaa,0,1506
"2024-01-02 00:11:38.478552",Kubaa,10412020,1506
"2024-01-03 00:11:40.502984",Kubaa,6111372,1506
"2024-01-04 00:11:41.333427",Kubaa,27680562,1507
"2024-01-05 00:11:38.330638",Kubaa,124367,1507
"2024-01-06 00:11:38.681172",Kubaa,282690,1507
"2024-01-07 00:11:37.527321",Kubaa,0,1507
"2024-01-08 00:11:37.402068",Kubaa,128095560,1508
"2024-01-09 00:11:36.502201",Kubaa,98084879,1509
"2024-01-10 00:11:35.786294",Kubaa,1441395,1509
"2024-01-11 00:11:41.115096",Kubaa,196159,1509
"2024-01-12 00:11:38.204547",Kubaa,0,1509
"2024-01-13 00:11:39.120696",Kubaa,0,1509
"2024-01-14 00:11:39.235918",Kubaa,0,1509
"2024-01-15 00:11:38.010948",Kubaa,0,1509
"2024-01-16 00:11:37.598456",Kubaa,0,1509
"2024-01-17 00:11:38.980190",Kubaa,0,1509
"2024-01-18 00:11:39.061036",Kubaa,0,1509
"2024-01-19 00:11:37.070023",Kubaa,505,1509
"2024-01-20 00:11:38.557656",Kubaa,0,1509
"2024-01-21 00:11:37.810055",Kubaa,0,1509
"2024-01-22 00:11:38.364539",Kubaa,0,1509
"2024-01-23 00:11:38.459469",Kubaa,21022277,1509
"2024-01-24 00:11:40.506908",Kubaa,30106409,1509
"2024-01-25 00:11:37.306591",Kubaa,20486959,1509
"2024-01-26 00:11:40.417417",Kubaa,0,1509
"2024-01-27 00:11:39.840822",Kubaa,0,1509
"2024-01-28 00:11:40.370522",Kubaa,0,1509
"2024-01-29 00:11:39.453132",Kubaa,19985508,1509
"2024-01-30 00:11:40.920476",Kubaa,14,1509
"2024-01-31 00:11:55.726133",Kubaa,7101323,1509
"2024-01-01 10:34:42.005179",Kubinha,0,1136
"2024-01-02 00:19:28.727910",Kubinha,20625180,1136
"2024-01-03 00:19:38.386935",Kubinha,0,1136
"2024-01-04 00:19:39.550271",Kubinha,0,1136
"2024-01-05 00:19:32.409108",Kubinha,0,1136
"2024-01-06 00:19:01.653307",Kubinha,0,1136
"2024-01-07 00:19:36.712398",Kubinha,79011840,1138
"2024-01-08 00:19:27.463707",Kubinha,0,1138
"2024-01-09 00:19:19.973624",Kubinha,0,1138
"2024-01-10 00:19:50.149509",Kubinha,30477919,1138
"2024-01-11 00:19:38.104541",Kubinha,31057276,1139
"2024-01-12 00:19:27.950528",Kubinha,38994608,1139
"2024-01-13 00:19:36.654368",Kubinha,26000418,1140
"2024-01-14 00:19:36.662820",Kubinha,0,1140
"2024-01-15 00:19:38.575593",Kubinha,1954785,1140
"2024-01-16 00:19:18.143260",Kubinha,22357,1140
"2024-01-17 00:19:34.042897",Kubinha,0,1140
"2024-01-18 00:19:30.317718",Kubinha,0,1140
"2024-01-19 00:18:58.794718",Kubinha,0,1140
"2024-01-20 00:19:07.260423",Kubinha,0,1140
"2024-01-21 00:19:15.215306",Kubinha,0,1140
"2024-01-22 00:19:09.549130",Kubinha,0,1140
"2024-01-23 00:19:17.150107",Kubinha,0,1140
"2024-01-24 00:19:23.907428",Kubinha,0,1140
"2024-01-25 00:19:13.782729",Kubinha,0,1140
"2024-01-26 00:19:21.931662",Kubinha,0,1140
"2024-01-27 00:19:21.764607",Kubinha,0,1140
"2024-01-28 00:19:16.266579",Kubinha,0,1140
"2024-01-29 00:19:42.600038",Kubinha,0,1140
"2024-01-30 00:19:53.419258",Kubinha,0,1140
"2024-01-31 00:21:21.241595",Kubinha,56367455,1140
"2024-01-01 10:34:54.521691",Kyprossa,0,420
"2024-01-02 00:19:41.070495",Kyprossa,6682,420
"2024-01-03 00:19:51.179684",Kyprossa,7745,420
"2024-01-04 00:19:52.235194",Kyprossa,11039,420
"2024-01-05 00:19:44.836565",Kyprossa,13821,420
"2024-01-06 00:19:19.226672",Kyprossa,21153,420
"2024-01-07 00:19:49.334779",Kyprossa,0,420
"2024-01-08 00:19:39.932764",Kyprossa,7620,420
"2024-01-09 00:19:33.552760",Kyprossa,9972,420
"2024-01-10 00:20:09.646633",Kyprossa,0,420
"2024-01-11 00:19:50.791628",Kyprossa,0,420
"2024-01-12 00:19:40.182646",Kyprossa,10560,420
"2024-01-13 00:19:49.234371",Kyprossa,0,420
"2024-01-14 00:19:49.177666",Kyprossa,11491,420
"2024-01-15 00:19:51.025977",Kyprossa,0,420
"2024-01-16 00:19:30.470887",Kyprossa,0,420
"2024-01-17 00:19:46.551143",Kyprossa,0,420
"2024-01-18 00:19:42.647113",Kyprossa,0,420
"2024-01-19 00:19:16.197257",Kyprossa,0,420
"2024-01-20 00:19:22.483102",Kyprossa,0,420
"2024-01-21 00:19:27.783226",Kyprossa,4229026,420
"2024-01-22 00:19:23.335360",Kyprossa,0,420
"2024-01-23 00:19:29.641368",Kyprossa,0,420
"2024-01-24 00:19:36.479071",Kyprossa,0,420
"2024-01-25 00:19:26.691651",Kyprossa,0,420
"2024-01-26 00:19:35.136154",Kyprossa,0,420
"2024-01-27 00:19:34.159383",Kyprossa,0,420
"2024-01-28 00:19:28.877934",Kyprossa,0,420
"2024-01-29 00:19:55.497266",Kyprossa,0,420
"2024-01-30 00:20:11.230507",Kyprossa,14378,420
"2024-01-31 00:21:38.953156",Kyprossa,23973,420
"2024-01-29 00:20:17.322580","Laveas Maos",15857056,645
"2024-01-30 00:20:27.101936","Laveas Maos",19393581,646
"2024-01-31 00:21:55.504171","Laveas Maos",21163352,647
"2024-01-04 00:20:17.310484",Lorrack,214558,1457
"2024-01-05 00:20:01.216247",Lorrack,40157186,1458
"2024-01-06 00:19:35.228023",Lorrack,39986056,1458
"2024-01-07 00:11:53.609012",Lorrack,5974639,1458
"2024-01-08 00:11:53.322931",Lorrack,24580764,1458
"2024-01-09 00:11:53.062011",Lorrack,0,1458
"2024-01-10 00:11:53.172166",Lorrack,11130731,1459
"2024-01-11 00:11:57.054871",Lorrack,307838,1459
"2024-01-12 00:11:53.752378",Lorrack,17539013,1459
"2024-01-13 00:11:54.961803",Lorrack,76788686,1459
"2024-01-14 00:11:55.171980",Lorrack,31500234,1460
"2024-01-15 00:11:54.875347",Lorrack,15302256,1460
"2024-01-16 00:11:53.112903",Lorrack,3661,1460
"2024-01-17 00:11:54.840828",Lorrack,0,1460
"2024-01-18 00:11:54.824778",Lorrack,72669051,1461
"2024-01-19 00:11:52.411286",Lorrack,85306764,1461
"2024-01-20 00:11:54.362994",Lorrack,53590997,1462
"2024-01-21 00:11:53.455827",Lorrack,0,1462
"2024-01-22 00:11:53.936977",Lorrack,356762,1462
"2024-01-23 00:11:54.408326",Lorrack,0,1462
"2024-01-24 00:11:56.722146",Lorrack,0,1462
"2024-01-25 00:11:53.148129",Lorrack,0,1462
"2024-01-26 00:11:56.399102",Lorrack,0,1462
"2024-01-27 00:11:55.557699",Lorrack,0,1462
"2024-01-28 00:11:56.477065",Lorrack,0,1462
"2024-01-29 00:11:55.150225",Lorrack,0,1462
"2024-01-30 00:11:56.782935",Lorrack,0,1462
"2024-01-31 00:12:20.115946",Lorrack,0,1462
"2024-01-01 10:35:18.641861","Magister Strikesback",8170200,882
"2024-01-02 00:19:56.475915","Magister Strikesback",7572564,882
"2024-01-03 00:20:12.552690","Magister Strikesback",31224510,883
"2024-01-04 00:20:34.021718","Magister Strikesback",2010132,882
"2024-01-05 00:20:21.725432","Magister Strikesback",200181857,888
"2024-01-06 00:19:50.506500","Magister Strikesback",160464706,892
"2024-01-07 00:20:09.013359","Magister Strikesback",271280982,899
"2024-01-08 00:19:55.179196","Magister Strikesback",147914123,902
"2024-01-09 00:19:48.723177","Magister Strikesback",0,902
"2024-01-10 00:20:25.987917","Magister Strikesback",12590064,903
"2024-01-11 00:20:12.315375","Magister Strikesback",1155857,903
"2024-01-12 00:19:55.568198","Magister Strikesback",7845582,903
"2024-01-13 00:20:08.740493","Magister Strikesback",2324289,903
"2024-01-14 00:20:08.729592","Magister Strikesback",28748409,904
"2024-01-15 00:20:12.714817","Magister Strikesback",24607604,904
"2024-01-16 00:19:45.655178","Magister Strikesback",918019,904
"2024-01-17 00:20:02.593459","Magister Strikesback",0,904
"2024-01-18 00:19:58.139732","Magister Strikesback",33804,904
"2024-01-19 00:19:30.924358","Magister Strikesback",0,904
"2024-01-20 00:19:37.210740","Magister Strikesback",0,904
"2024-01-21 00:19:42.500265","Magister Strikesback",852421,904
"2024-01-22 00:19:38.093132","Magister Strikesback",799,904
"2024-01-23 00:19:44.249572","Magister Strikesback",97,904
"2024-01-24 00:19:51.549985","Magister Strikesback",0,904
"2024-01-25 00:19:42.675048","Magister Strikesback",55128284,906
"2024-01-26 00:19:49.900221","Magister Strikesback",40904960,907
"2024-01-27 00:19:49.920854","Magister Strikesback",32466280,907
"2024-01-28 00:19:43.829084","Magister Strikesback",74812,907
"2024-01-29 00:20:32.824715","Magister Strikesback",8443087,908
"2024-01-30 00:20:43.201499","Magister Strikesback",32087287,908
"2024-01-31 00:22:15.684663","Magister Strikesback",50180842,910
"2024-01-01 10:35:33.774422","Mone Kiina",0,705
"2024-01-02 00:20:18.416119","Mone Kiina",18832896,706
"2024-01-03 00:20:29.229284","Mone Kiina",24805008,707
"2024-01-04 00:20:48.735391","Mone Kiina",24901219,708
"2024-01-05 00:20:36.228687","Mone Kiina",125475202,713
"2024-01-06 00:20:09.395526","Mone Kiina",25310182,715
"2024-01-07 00:20:27.233954","Mone Kiina",51143818,716
"2024-01-08 00:20:18.668254","Mone Kiina",0,716
"2024-01-09 00:20:05.164317","Mone Kiina",0,716
"2024-01-10 00:20:41.231352","Mone Kiina",71173260,718
"2024-01-11 00:20:27.599963","Mone Kiina",486490,718
"2024-01-12 00:20:16.137050","Mone Kiina",30565614,720
"2024-01-13 00:20:26.536963","Mone Kiina",9473655,720
"2024-01-14 00:20:26.681018","Mone Kiina",0,720
"2024-01-15 00:20:28.255629","Mone Kiina",16938218,721
"2024-01-16 00:20:00.372923","Mone Kiina",3083757,721
"2024-01-17 00:20:23.539357","Mone Kiina",16222075,721
"2024-01-18 00:20:20.421793","Mone Kiina",10177888,722
"2024-01-19 00:19:46.027631","Mone Kiina",8331174,722
"2024-01-20 00:19:52.628064","Mone Kiina",340056,722
"2024-01-21 00:19:58.266890","Mone Kiina",11676477,722
"2024-01-22 00:19:53.226530","Mone Kiina",1514187,723
"2024-01-23 00:19:59.705539","Mone Kiina",6307779,723
"2024-01-24 00:20:13.095856","Mone Kiina",19638727,724
"2024-01-25 00:19:58.192002","Mone Kiina",5459575,724
"2024-01-26 00:20:08.575869","Mone Kiina",1236820,724
"2024-01-27 00:20:09.012001","Mone Kiina",0,724
"2024-01-28 00:19:59.434197","Mone Kiina",0,724
"2024-01-29 00:20:48.457025","Mone Kiina",0,724
"2024-01-30 00:20:58.931793","Mone Kiina",1197421,724
"2024-01-31 00:22:36.061434","Mone Kiina",5354076,724
"2024-01-01 10:26:52.816283",Nandao,0,1061
"2024-01-02 00:11:53.797616",Nandao,0,1061
"2024-01-03 00:11:56.383710",Nandao,53840236,1062
"2024-01-04 00:11:56.997222",Nandao,1248620,1062
"2024-01-05 00:11:53.917060",Nandao,196946935,1066
"2024-01-06 00:11:54.180938",Nandao,170250275,1069
"2024-01-07 00:12:15.779028",Nandao,274347329,1073
"2024-01-08 00:12:15.147271",Nandao,0,1073
"2024-01-09 00:12:14.489865",Nandao,5285,1073
"2024-01-10 00:12:17.075531",Nandao,78372,1073
"2024-01-11 00:12:20.344146",Nandao,357395,1073
"2024-01-12 00:12:15.564404",Nandao,11158258,1074
"2024-01-13 00:12:17.751869",Nandao,136565619,1076
"2024-01-14 00:12:18.256437",Nandao,94132372,1078
"2024-01-15 00:12:18.617363",Nandao,79193869,1079
"2024-01-16 00:12:14.797635",Nandao,72886700,1080
"2024-01-17 00:12:17.832096",Nandao,138773785,1083
"2024-01-18 00:12:17.832519",Nandao,114245783,1084
"2024-01-19 00:12:12.832716",Nandao,29574,1084
"2024-01-20 00:12:16.009557",Nandao,0,1084
"2024-01-21 00:12:15.882002",Nandao,109657630,1086
"2024-01-22 00:12:16.283830",Nandao,101617508,1088
"2024-01-23 00:12:16.992159",Nandao,96672943,1090
"2024-01-24 00:12:20.420515",Nandao,1016077,1090
"2024-01-25 00:12:15.321088",Nandao,168374393,1093
"2024-01-26 00:12:19.357498",Nandao,78451,1093
"2024-01-27 00:12:18.969341",Nandao,0,1093
"2024-01-28 00:12:19.750630",Nandao,80682061,1094
"2024-01-29 00:12:17.967870",Nandao,75169707,1095
"2024-01-30 00:12:20.261118",Nandao,43818290,1096
"2024-01-31 00:12:35.269978",Nandao,8932765,1096
"2024-01-01 10:35:45.484357","Nicostrato Tielo",1674924,309
"2024-01-02 00:20:31.468674","Nicostrato Tielo",7096669,311
"2024-01-03 00:20:41.428037","Nicostrato Tielo",261127,311
"2024-01-04 00:21:02.034245","Nicostrato Tielo",4106405,311
"2024-01-05 00:20:48.876322","Nicostrato Tielo",0,311
"2024-01-06 00:20:23.091138","Nicostrato Tielo",92436,312
"2024-01-07 00:20:39.623652","Nicostrato Tielo",70299291,327
"2024-01-08 00:20:30.790403","Nicostrato Tielo",9446404,327
"2024-01-09 00:20:21.134208","Nicostrato Tielo",347779,327
"2024-01-10 00:20:54.270026","Nicostrato Tielo",0,327
"2024-01-11 00:20:40.458256","Nicostrato Tielo",2834700,328
"2024-01-12 00:20:28.460288","Nicostrato Tielo",196713,328
"2024-01-13 00:20:39.047471","Nicostrato Tielo",12379121,330
"2024-01-14 00:20:39.177976","Nicostrato Tielo",0,330
"2024-01-15 00:20:40.693650","Nicostrato Tielo",19718167,334
"2024-01-16 00:20:18.617906","Nicostrato Tielo",106173,334
"2024-01-17 00:20:36.014135","Nicostrato Tielo",75897096,347
"2024-01-18 00:20:32.881846","Nicostrato Tielo",14847624,350
"2024-01-19 00:19:58.547018","Nicostrato Tielo",21645107,353
"2024-01-20 00:20:08.847826","Nicostrato Tielo",983417,353
"2024-01-21 00:20:16.573400","Nicostrato Tielo",901279,353
"2024-01-22 00:20:12.491244","Nicostrato Tielo",21075966,357
"2024-01-23 00:20:19.202412","Nicostrato Tielo",630028,357
"2024-01-24 00:20:26.773775","Nicostrato Tielo",11542368,359
"2024-01-25 00:20:16.880786","Nicostrato Tielo",5343080,360
"2024-01-26 00:20:24.235383","Nicostrato Tielo",12711299,361
"2024-01-27 00:20:25.452755","Nicostrato Tielo",4658046,362
"2024-01-28 00:20:18.531731","Nicostrato Tielo",1960386,363
"2024-01-29 00:21:01.212839","Nicostrato Tielo",13816977,365
"2024-01-30 00:21:17.884621","Nicostrato Tielo",198306,365
"2024-01-31 00:22:49.472891","Nicostrato Tielo",841466,365
"2024-01-01 10:35:57.605623",Noyess,0,319
"2024-01-02 00:20:42.832175",Noyess,107,319
"2024-01-03 00:20:52.966125",Noyess,1975,319
"2024-01-04 00:21:18.437251",Noyess,0,319
"2024-01-05 00:21:01.968691",Noyess,55083292,330
"2024-01-06 00:20:35.238946",Noyess,0,330
"2024-01-07 00:20:51.228476",Noyess,0,330
"2024-01-08 00:20:42.168814",Noyess,188,330
"2024-01-09 00:20:33.550244",Noyess,25419,330
"2024-01-10 00:21:10.182144",Noyess,0,330
"2024-01-11 00:20:52.165916",Noyess,8318441,331
"2024-01-12 00:20:39.850568",Noyess,2080643,332
"2024-01-13 00:20:50.851283",Noyess,0,332
"2024-01-14 00:20:50.821712",Noyess,0,332
"2024-01-15 00:20:52.825346",Noyess,2493942,332
"2024-01-16 00:20:30.635485",Noyess,179885,332
"2024-01-17 00:20:48.156346",Noyess,59305325,343
"2024-01-18 00:20:44.893263",Noyess,99959,343
"2024-01-19 00:20:14.067935",Noyess,5726813,344
"2024-01-20 00:20:22.229008",Noyess,0,344
"2024-01-21 00:20:29.996012",Noyess,0,344
"2024-01-22 00:20:24.165185",Noyess,0,344
"2024-01-23 00:20:30.720470",Noyess,0,344
"2024-01-24 00:20:38.458107",Noyess,0,344
"2024-01-25 00:20:28.719286",Noyess,0,344
"2024-01-26 00:20:36.754715",Noyess,6390340,345
"2024-01-27 00:20:36.916914",Noyess,0,345
"2024-01-28 00:20:30.205340",Noyess,13075024,347
"2024-01-29 00:21:17.080547",Noyess,281279,347
"2024-01-30 00:21:29.677311",Noyess,0,347
"2024-01-31 00:23:11.516666",Noyess,132209,347
"2024-01-01 10:36:13.203984","Pina Kaputla",0,376
"2024-01-02 00:20:54.181196","Pina Kaputla",0,376
"2024-01-03 00:21:07.107533","Pina Kaputla",0,376
"2024-01-04 00:21:30.268775","Pina Kaputla",0,376
"2024-01-05 00:21:16.076108","Pina Kaputla",0,376
"2024-01-06 00:20:46.396405","Pina Kaputla",0,376
"2024-01-07 00:21:04.448820","Pina Kaputla",0,376
"2024-01-08 00:20:53.268502","Pina Kaputla",0,376
"2024-01-09 00:20:44.548638","Pina Kaputla",0,376
"2024-01-10 00:21:22.133528","Pina Kaputla",0,376
"2024-01-11 00:21:06.603905","Pina Kaputla",0,376
"2024-01-12 00:20:51.020989","Pina Kaputla",0,376
"2024-01-13 00:21:03.630683","Pina Kaputla",0,376
"2024-01-14 00:21:03.065885","Pina Kaputla",0,376
"2024-01-15 00:21:05.937537","Pina Kaputla",0,376
"2024-01-16 00:20:41.233138","Pina Kaputla",0,376
"2024-01-17 00:20:58.817419","Pina Kaputla",0,376
"2024-01-18 00:20:55.579038","Pina Kaputla",0,376
"2024-01-19 00:20:24.587838","Pina Kaputla",0,376
"2024-01-20 00:20:32.786110","Pina Kaputla",0,376
"2024-01-21 00:20:40.680467","Pina Kaputla",0,376
"2024-01-22 00:20:34.665799","Pina Kaputla",0,376
"2024-01-23 00:20:41.386204","Pina Kaputla",0,376
"2024-01-24 00:20:49.171167","Pina Kaputla",0,376
"2024-01-25 00:20:40.635354","Pina Kaputla",0,376
"2024-01-26 00:20:47.421483","Pina Kaputla",0,376
"2024-01-27 00:20:47.473921","Pina Kaputla",0,376
"2024-01-28 00:20:40.967297","Pina Kaputla",0,376
"2024-01-29 00:21:27.756225","Pina Kaputla",0,376
"2024-01-30 00:21:41.551964","Pina Kaputla",0,376
"2024-01-31 00:23:22.234440","Pina Kaputla",0,376
"2024-01-01 10:36:27.910897","Priimal Beija Noivas",85016320,1409
"2024-01-02 00:21:16.362486","Priimal Beija Noivas",21739647,1409
"2024-01-03 00:21:24.783508","Priimal Beija Noivas",20884460,1410
"2024-01-04 00:21:45.973684","Priimal Beija Noivas",24407449,1410
"2024-01-05 00:21:30.752301","Priimal Beija Noivas",171467244,1412
"2024-01-06 00:21:01.904844","Priimal Beija Noivas",557098342,1417
"2024-01-07 00:21:22.901868","Priimal Beija Noivas",242673701,1420
"2024-01-08 00:21:14.703978","Priimal Beija Noivas",239759053,1422
"2024-01-09 00:20:58.986751","Priimal Beija Noivas",24084531,1422
"2024-01-10 00:21:37.649854","Priimal Beija Noivas",47390172,1423
"2024-01-11 00:21:25.691792","Priimal Beija Noivas",324951,1423
"2024-01-12 00:21:10.884659","Priimal Beija Noivas",25876440,1423
"2024-01-13 00:21:23.158901","Priimal Beija Noivas",150712276,1424
"2024-01-14 00:21:22.499857","Priimal Beija Noivas",197301981,1426
"2024-01-15 00:21:24.408077","Priimal Beija Noivas",62422749,1427
"2024-01-16 00:20:56.166417","Priimal Beija Noivas",55220197,1427
"2024-01-17 00:21:20.197730","Priimal Beija Noivas",311434302,1431
"2024-01-18 00:21:18.315328","Priimal Beija Noivas",360896856,1434
"2024-01-19 00:20:39.681270","Priimal Beija Noivas",59275942,1435
"2024-01-20 00:20:48.702398","Priimal Beija Noivas",140956865,1436
"2024-01-21 00:20:56.105770","Priimal Beija Noivas",79339375,1437
"2024-01-22 00:20:49.941363","Priimal Beija Noivas",90010279,1438
"2024-01-23 00:20:56.866525","Priimal Beija Noivas",128224620,1439
"2024-01-24 00:21:08.729642","Priimal Beija Noivas",80762936,1440
"2024-01-25 00:20:56.444678","Priimal Beija Noivas",130719115,1441
"2024-01-26 00:21:04.836633","Priimal Beija Noivas",165130882,1442
"2024-01-27 00:21:04.924018","Priimal Beija Noivas",46849320,1443
"2024-01-28 00:20:56.369799","Priimal Beija Noivas",184445898,1445
"2024-01-29 00:21:43.951132","Priimal Beija Noivas",90311187,1446
"2024-01-30 00:21:57.095837","Priimal Beija Noivas",154911006,1447
"2024-01-31 00:23:42.430278","Priimal Beija Noivas",139570593,1448
"2024-01-01 10:36:43.154692","Rashj Husle",71652348,1177
"2024-01-02 00:21:31.051514","Rashj Husle",72030528,1177
"2024-01-03 00:21:41.083597","Rashj Husle",70091137,1178
"2024-01-04 00:22:02.399132","Rashj Husle",75102331,1180
"2024-01-05 00:21:46.058791","Rashj Husle",0,1180
"2024-01-06 00:21:21.857866","Rashj Husle",110645543,1181
"2024-01-07 00:21:37.787094","Rashj Husle",135431245,1183
"2024-01-08 00:21:29.479420","Rashj Husle",76290721,1184
"2024-01-09 00:21:20.530761","Rashj Husle",71029998,1185
"2024-01-10 00:21:52.536540","Rashj Husle",71069040,1186
"2024-01-11 00:21:40.490840","Rashj Husle",71069152,1187
"2024-01-12 00:21:27.097431","Rashj Husle",728048,1187
"2024-01-13 00:21:38.019276","Rashj Husle",75205836,1188
"2024-01-14 00:21:38.381370","Rashj Husle",6620,1188
"2024-01-15 00:21:39.779449","Rashj Husle",71141400,1189
"2024-01-16 00:21:16.642883","Rashj Husle",4068,1189
"2024-01-17 00:21:35.193568","Rashj Husle",0,1189
"2024-01-18 00:21:33.143579","Rashj Husle",13372056,1190
"2024-01-19 00:20:54.280143","Rashj Husle",71391847,1191
"2024-01-20 00:21:06.839822","Rashj Husle",71063712,1192
"2024-01-21 00:21:18.510434","Rashj Husle",72188604,1193
"2024-01-22 00:21:08.173685","Rashj Husle",71374324,1194
"2024-01-23 00:21:17.745049","Rashj Husle",71472168,1195
"2024-01-24 00:21:25.668236","Rashj Husle",71633790,1196
"2024-01-25 00:21:19.103569","Rashj Husle",71378640,1197
"2024-01-26 00:21:23.461989","Rashj Husle",36106092,1197
"2024-01-27 00:21:24.245986","Rashj Husle",0,1197
"2024-01-28 00:21:18.394435","Rashj Husle",7507607,1197
"2024-01-29 00:21:58.650805","Rashj Husle",71562996,1198
"2024-01-30 00:22:19.830188","Rashj Husle",34342640,1199
"2024-01-31 00:24:22.093448","Rashj Husle",12406683,1199
"2024-01-01 10:36:54.463485","Recruta Zero",0,324
"2024-01-02 00:21:42.998999","Recruta Zero",0,324
"2024-01-03 00:21:52.373560","Recruta Zero",1805224,325
"2024-01-04 00:22:17.976592","Recruta Zero",1400419,325
"2024-01-05 00:21:57.188050","Recruta Zero",30293041,334
"2024-01-06 00:21:33.382710","Recruta Zero",84929453,346
"2024-01-07 00:21:49.566667","Recruta Zero",186465095,376
"2024-01-08 00:21:41.222610","Recruta Zero",49613379,382
"2024-01-09 00:21:32.083577","Recruta Zero",0,382
"2024-01-10 00:22:07.160294","Recruta Zero",0,382
"2024-01-11 00:21:52.150406","Recruta Zero",4784860,382
"2024-01-12 00:21:38.666731","Recruta Zero",2455792,383
"2024-01-13 00:21:49.888004","Recruta Zero",9515986,384
"2024-01-14 00:21:50.250788","Recruta Zero",7431181,385
"2024-01-15 00:21:51.615970","Recruta Zero",0,385
"2024-01-16 00:21:28.424639","Recruta Zero",2400000,385
"2024-01-17 00:21:47.067591","Recruta Zero",0,385
"2024-01-18 00:21:44.988047","Recruta Zero",920602,385
"2024-01-19 00:21:09.029512","Recruta Zero",0,385
"2024-01-20 00:21:21.182149","Recruta Zero",1511374,385
"2024-01-21 00:21:30.464673","Recruta Zero",1008306,386
"2024-01-22 00:21:22.276179","Recruta Zero",19932755,388
"2024-01-23 00:21:29.147280","Recruta Zero",141958,388
"2024-01-24 00:21:37.095600","Recruta Zero",1370142,389
"2024-01-25 00:21:30.610052","Recruta Zero",19791419,391
"2024-01-26 00:21:34.847492","Recruta Zero",13439069,393
"2024-01-27 00:21:36.777520","Recruta Zero",5280698,394
"2024-01-28 00:21:30.455021","Recruta Zero",4829748,394
"2024-01-29 00:22:14.204582","Recruta Zero",10033913,396
"2024-01-30 00:22:31.577812","Recruta Zero",9026548,397
"2024-01-31 00:24:33.719039","Recruta Zero",2694992,397
"2024-01-01 10:37:17.419886",Saarc,31192602,1073
"2024-01-02 00:21:58.538519",Saarc,32028250,1074
"2024-01-03 00:22:15.471689",Saarc,42923887,1075
"2024-01-04 00:22:33.107694",Saarc,67574637,1076
"2024-01-05 00:22:20.606802",Saarc,221595874,1080
"2024-01-06 00:21:48.355446",Saarc,58185526,1081
"2024-01-07 00:22:10.272575",Saarc,70357005,1082
"2024-01-08 00:21:56.292108",Saarc,0,1082
"2024-01-09 00:21:48.115850",Saarc,0,1082
"2024-01-10 00:22:25.435094",Saarc,777870,1082
"2024-01-11 00:22:15.235391",Saarc,-71153627,1081
"2024-01-12 00:21:53.718401",Saarc,34897693,1081
"2024-01-13 00:22:09.992572",Saarc,44910651,1082
"2024-01-14 00:22:11.112076",Saarc,37926278,1083
"2024-01-15 00:22:16.103799",Saarc,24802630,1083
"2024-01-16 00:21:43.381799",Saarc,16111980,1083
"2024-01-17 00:22:03.643045",Saarc,0,1083
"2024-01-18 00:22:00.125095",Saarc,0,1083
"2024-01-19 00:21:27.086589",Saarc,379950,1083
"2024-01-20 00:21:37.044647",Saarc,2586883,1083
"2024-01-21 00:21:46.205301",Saarc,0,1083
"2024-01-22 00:21:37.644895",Saarc,0,1083
"2024-01-23 00:21:45.153576",Saarc,1950447,1083
"2024-01-24 00:21:53.032036",Saarc,1243461,1083
"2024-01-25 00:21:47.554123",Saarc,622134,1083
"2024-01-26 00:21:51.763815",Saarc,394042,1083
"2024-01-27 00:21:52.645585",Saarc,285815,1083
"2024-01-28 00:21:46.363655",Saarc,581727,1083
"2024-01-29 00:22:30.748958",Saarc,0,1083
"2024-01-30 00:22:48.643118",Saarc,406011,1083
"2024-01-31 00:24:49.581218",Saarc,0,1083
"2024-01-14 00:22:26.581112",Saarcz,5034351,1096
"2024-01-15 00:22:35.393597",Saarcz,24815008,1096
"2024-01-16 00:21:58.077386",Saarcz,13863060,1097
"2024-01-17 00:22:22.598096",Saarcz,120143370,1099
"2024-01-18 00:22:21.259156",Saarcz,112236040,1100
"2024-01-19 00:21:41.886808",Saarcz,100451616,1102
"2024-01-20 00:21:52.141964",Saarcz,62010128,1103
"2024-01-21 00:22:01.238526",Saarcz,44172900,1104
"2024-01-22 00:21:52.292199",Saarcz,0,1104
"2024-01-23 00:22:00.132072",Saarcz,70234279,1105
"2024-01-24 00:22:15.048049",Saarcz,95753909,1107
"2024-01-25 00:22:04.006647",Saarcz,61112459,1108
"2024-01-26 00:22:11.916638",Saarcz,61223554,1109
"2024-01-27 00:22:14.529478",Saarcz,61330102,1110
"2024-01-28 00:22:02.143113",Saarcz,63510351,1111
"2024-01-29 00:22:46.231837",Saarcz,0,1111
"2024-01-30 00:23:05.742467",Saarcz,9156259,1111
"2024-01-31 00:25:17.703028",Saarcz,0,1111
"2024-01-01 10:37:32.160258","Sarc Fullmacrado",0,1054
"2024-01-01 10:37:47.469900","Scooby Drood",213932,931
"2024-01-02 00:22:21.112146","Scooby Drood",172437,931
"2024-01-03 00:22:30.669347","Scooby Drood",201360,931
"2024-01-04 00:22:48.712092","Scooby Drood",188573,931
"2024-01-05 00:22:35.931393","Scooby Drood",209698575,935
"2024-01-06 00:22:05.398384","Scooby Drood",309698649,943
"2024-01-07 00:22:26.521168","Scooby Drood",672778,943
"2024-01-08 00:22:17.688343","Scooby Drood",127244,943
"2024-01-09 00:22:04.935222","Scooby Drood",0,943
"2024-01-10 00:22:41.493072","Scooby Drood",0,943
"2024-01-11 00:22:30.517777","Scooby Drood",69432048,944
"2024-01-12 00:22:15.340986","Scooby Drood",30361576,945
"2024-01-13 00:22:26.492938","Scooby Drood",3168,945
"2024-01-14 00:22:43.503721","Scooby Drood",144654,945
"2024-01-15 00:22:52.490457","Scooby Drood",-19392151,944
"2024-01-16 00:22:21.406881","Scooby Drood",7229829,945
"2024-01-17 00:22:37.987028","Scooby Drood",293794977,951
"2024-01-18 00:22:37.886460","Scooby Drood",53220938,952
"2024-01-19 00:21:56.620805","Scooby Drood",0,952
"2024-01-20 00:22:13.590512","Scooby Drood",205965,952
"2024-01-21 00:22:21.689967","Scooby Drood",171553,952
"2024-01-22 00:22:12.600180","Scooby Drood",59871362,954
"2024-01-23 00:22:21.412288","Scooby Drood",61098696,955
"2024-01-24 00:22:30.331021","Scooby Drood",54249842,956
"2024-01-25 00:22:23.078628","Scooby Drood",74866530,958
"2024-01-26 00:22:27.738765","Scooby Drood",0,958
"2024-01-27 00:22:29.197003","Scooby Drood",120695,958
"2024-01-28 00:22:21.808477","Scooby Drood",495256,958
"2024-01-29 00:23:01.450602","Scooby Drood",351003,958
"2024-01-30 00:23:24.708312","Scooby Drood",324440,958
"2024-01-31 00:25:42.924374","Scooby Drood",121470,958
"2024-01-01 10:38:03.167130","Sir Betini",0,1162
"2024-01-02 00:22:36.069541","Sir Betini",0,1162
"2024-01-03 00:22:47.201394","Sir Betini",0,1162
"2024-01-04 00:23:07.135646","Sir Betini",0,1162
"2024-01-05 00:22:50.907873","Sir Betini",0,1162
"2024-01-06 00:22:25.001317","Sir Betini",0,1162
"2024-01-07 00:22:42.071899","Sir Betini",0,1162
"2024-01-08 00:22:33.100743","Sir Betini",0,1162
"2024-01-09 00:22:23.211120","Sir Betini",0,1162
"2024-01-10 00:22:56.427864","Sir Betini",0,1162
"2024-01-11 00:22:46.116529","Sir Betini",51008,1162
"2024-01-12 00:22:31.929743","Sir Betini",407773,1162
"2024-01-13 00:22:42.145512","Sir Betini",0,1162
"2024-01-14 00:22:58.425228","Sir Betini",97200,1162
"2024-01-15 00:23:14.020648","Sir Betini",1800000,1162
"2024-01-16 00:22:37.126942","Sir Betini",98280,1162
"2024-01-17 00:22:52.747220","Sir Betini",0,1162
"2024-01-18 00:22:52.616587","Sir Betini",0,1162
"2024-01-19 00:22:21.153022","Sir Betini",0,1162
"2024-01-20 00:22:28.987300","Sir Betini",0,1162
"2024-01-21 00:22:38.184974","Sir Betini",0,1162
"2024-01-22 00:22:28.812136","Sir Betini",618,1162
"2024-01-23 00:22:37.928451","Sir Betini",2346,1162
"2024-01-24 00:22:46.262616","Sir Betini",0,1162
"2024-01-25 00:22:38.503455","Sir Betini",0,1162
"2024-01-26 00:22:43.144119","Sir Betini",0,1162
"2024-01-27 00:22:46.355850","Sir Betini",0,1162
"2024-01-28 00:22:38.288031","Sir Betini",0,1162
"2024-01-29 00:23:21.657809","Sir Betini",0,1162
"2024-01-30 00:23:39.673577","Sir Betini",0,1162
"2024-01-31 00:26:22.263182","Sir Betini",0,1162
"2024-01-01 10:38:23.383922","Sir Maroto",0,491
"2024-01-02 00:22:52.095661","Sir Maroto",0,491
"2024-01-03 00:23:04.398559","Sir Maroto",0,491
"2024-01-04 00:23:24.764569","Sir Maroto",0,491
"2024-01-05 00:23:11.125259","Sir Maroto",0,491
"2024-01-06 00:22:39.654334","Sir Maroto",49140468,495
"2024-01-07 00:22:57.227394","Sir Maroto",95855292,503
"2024-01-08 00:22:47.802748","Sir Maroto",46741500,507
"2024-01-09 00:22:37.846925","Sir Maroto",0,507
"2024-01-10 00:23:19.317957","Sir Maroto",0,507
"2024-01-11 00:23:01.973334","Sir Maroto",0,507
"2024-01-12 00:22:46.591642","Sir Maroto",0,507
"2024-01-13 00:22:57.207118","Sir Maroto",266427,507
"2024-01-14 00:23:22.523182","Sir Maroto",0,507
"2024-01-15 00:23:30.216691","Sir Maroto",0,507
"2024-01-16 00:22:52.283834","Sir Maroto",0,507
"2024-01-17 00:23:15.020307","Sir Maroto",0,507
"2024-01-18 00:23:14.366322","Sir Maroto",0,507
"2024-01-19 00:22:35.767098","Sir Maroto",0,507
"2024-01-20 00:22:43.825261","Sir Maroto",0,507
"2024-01-21 00:22:53.126820","Sir Maroto",0,507
"2024-01-22 00:22:43.533627","Sir Maroto",0,507
"2024-01-23 00:22:52.872064","Sir Maroto",0,507
"2024-01-24 00:23:01.524928","Sir Maroto",0,507
"2024-01-25 00:22:54.637867","Sir Maroto",0,507
"2024-01-26 00:22:59.009808","Sir Maroto",0,507
"2024-01-27 00:23:01.501713","Sir Maroto",0,507
"2024-01-28 00:22:53.148498","Sir Maroto",0,507
"2024-01-29 00:23:36.560896","Sir Maroto",0,507
"2024-01-30 00:23:55.807776","Sir Maroto",324,507
"2024-01-31 00:26:38.077395","Sir Maroto",39682980,510
"2024-01-01 10:28:57.979439","Tanakiinha Pally",-35299938,1032
"2024-01-02 00:14:04.842713","Tanakiinha Pally",58763832,1032
"2024-01-03 00:14:15.179463","Tanakiinha Pally",27384025,1032
"2024-01-04 00:14:16.313747","Tanakiinha Pally",24552612,1033
"2024-01-05 00:14:04.784797","Tanakiinha Pally",138283387,1036
"2024-01-06 00:13:48.281004","Tanakiinha Pally",303737577,1041
"2024-01-07 00:14:10.433301","Tanakiinha Pally",82315984,1043
"2024-01-08 00:14:03.588132","Tanakiinha Pally",51945922,1044
"2024-01-09 00:14:01.267088","Tanakiinha Pally",29781255,1044
"2024-01-10 00:14:14.559839","Tanakiinha Pally",71051090,1045
"2024-01-11 00:14:13.887895","Tanakiinha Pally",16134043,1046
"2024-01-12 00:14:05.862094","Tanakiinha Pally",43701436,1047
"2024-01-13 00:14:12.181846","Tanakiinha Pally",0,1047
"2024-01-14 00:14:12.586344","Tanakiinha Pally",61913762,1048
"2024-01-15 00:14:13.458035","Tanakiinha Pally",1800774,1048
"2024-01-16 00:13:59.217863","Tanakiinha Pally",59859534,1049
"2024-01-17 00:14:10.871322","Tanakiinha Pally",245189578,1053
"2024-01-18 00:14:09.087515","Tanakiinha Pally",60155647,1054
"2024-01-19 00:22:50.917280","Tanakiinha Pally",61719953,1056
"2024-01-20 00:22:59.371440","Tanakiinha Pally",167087384,1059
"2024-01-21 00:23:16.082349","Tanakiinha Pally",79610135,1060
"2024-01-22 00:22:58.990600","Tanakiinha Pally",43877592,1061
"2024-01-23 00:23:15.405875","Tanakiinha Pally",129543646,1063
"2024-01-24 00:23:22.953469","Tanakiinha Pally",123021654,1065
"2024-01-25 00:23:18.516802","Tanakiinha Pally",76245300,1067
"2024-01-26 00:23:21.729852","Tanakiinha Pally",108207440,1068
"2024-01-27 00:23:23.228017","Tanakiinha Pally",62679910,1070
"2024-01-28 00:23:16.742832","Tanakiinha Pally",123181882,1072
"2024-01-29 00:23:52.923692","Tanakiinha Pally",58474542,1073
"2024-01-30 00:24:20.486675","Tanakiinha Pally",28261959,1073
"2024-01-31 00:26:58.208764","Tanakiinha Pally",101731369,1075
"2024-01-01 10:38:39.670659",Troublemaker,1046520,479
"2024-01-02 00:23:12.299953",Troublemaker,0,479
"2024-01-03 00:23:22.869702",Troublemaker,0,479
"2024-01-04 00:23:41.644140",Troublemaker,0,479
"2024-01-05 00:23:28.126219",Troublemaker,28593784,483
"2024-01-06 00:22:55.170693",Troublemaker,36248844,485
"2024-01-07 00:23:19.664600",Troublemaker,10210664,487
"2024-01-08 00:23:03.583659",Troublemaker,18762683,487
"2024-01-09 00:22:53.284123",Troublemaker,0,487
"2024-01-10 00:23:33.974475",Troublemaker,0,487
"2024-01-11 00:23:22.048581",Troublemaker,0,487
"2024-01-12 00:23:01.558180",Troublemaker,0,487
"2024-01-13 00:23:19.850686",Troublemaker,0,487
"2024-01-14 00:23:37.055150",Troublemaker,1106932,487
"2024-01-15 00:23:44.820021",Troublemaker,1800000,487
"2024-01-16 00:23:12.254204",Troublemaker,0,487
"2024-01-17 00:23:30.207501",Troublemaker,0,487
"2024-01-18 00:23:29.206293",Troublemaker,0,487
"2024-01-19 00:23:09.262472",Troublemaker,0,487
"2024-01-20 00:23:20.938914",Troublemaker,0,487
"2024-01-21 00:23:30.597648",Troublemaker,30000,487
"2024-01-22 00:23:20.644049",Troublemaker,0,487
"2024-01-23 00:23:30.151618",Troublemaker,0,487
"2024-01-24 00:23:40.306819",Troublemaker,0,487
"2024-01-25 00:23:33.196623",Troublemaker,0,487
"2024-01-26 00:23:36.636817",Troublemaker,0,487
"2024-01-27 00:23:37.760288",Troublemaker,-8215243,487
"2024-01-28 00:23:31.474340",Troublemaker,0,487
"2024-01-29 00:24:13.708659",Troublemaker,5917896,487
"2024-01-30 00:24:35.220578",Troublemaker,2391420,487
"2024-01-31 00:27:23.016756",Troublemaker,1933288,488
"2024-01-01 10:25:31.351874",Tsurugi,12616988,1522
"2024-01-01 10:49:46.567484",Tsurugi,5694121,1522
"2024-01-02 00:10:31.135647",Tsurugi,6349998,1522
"2024-01-03 00:10:33.589413",Tsurugi,2553385,1522
"2024-01-04 00:10:33.934379",Tsurugi,5505465,1522
"2024-01-05 00:10:31.131294",Tsurugi,1848326,1522
"2024-01-06 00:10:32.079771",Tsurugi,4524489,1522
"2024-01-07 00:10:31.005445",Tsurugi,3572148,1522
"2024-01-08 00:10:32.335231",Tsurugi,960201,1522
"2024-01-09 00:10:29.926456",Tsurugi,3155064,1522
"2024-01-10 00:10:31.503955",Tsurugi,0,1522
"2024-01-11 00:10:33.621272",Tsurugi,303886,1522
"2024-01-12 00:10:31.639876",Tsurugi,7543803,1522
"2024-01-13 00:10:32.172965",Tsurugi,22460919,1522
"2024-01-14 00:10:32.277151",Tsurugi,26155057,1522
"2024-01-15 00:10:31.226680",Tsurugi,4059016,1522
"2024-01-16 00:10:31.642786",Tsurugi,1754723,1522
"2024-01-17 00:10:33.316100",Tsurugi,1864292,1522
"2024-01-18 00:10:32.147723",Tsurugi,2518885,1522
"2024-01-19 00:10:31.611637",Tsurugi,49729997,1523
"2024-01-20 00:10:31.298560",Tsurugi,41002574,1523
"2024-01-21 00:10:31.990097",Tsurugi,42135551,1523
"2024-01-22 00:10:31.781891",Tsurugi,13945101,1524
"2024-01-23 00:10:30.915900",Tsurugi,23033502,1524
"2024-01-24 00:10:33.435673",Tsurugi,24087375,1524
"2024-01-25 00:10:31.047291",Tsurugi,1670668,1524
"2024-01-26 00:10:33.467098",Tsurugi,28571100,1524
"2024-01-27 00:10:33.147520",Tsurugi,9618387,1524
"2024-01-28 00:10:32.339428",Tsurugi,19475566,1525
"2024-01-29 00:10:32.512869",Tsurugi,7735905,1525
"2024-01-30 00:10:33.259359",Tsurugi,3295959,1525
"2024-01-31 00:10:38.128763",Tsurugi,632286,1525
"2024-01-01 10:38:55.066161",Tsurugii,0,1412
"2024-01-02 00:23:28.453094",Tsurugii,0,1412
"2024-01-03 00:23:39.264967",Tsurugii,0,1412
"2024-01-01 10:27:14.186460",Uhhuull,65,940
"2024-01-02 00:12:15.198645",Uhhuull,0,940
"2024-01-03 00:12:19.771291",Uhhuull,22552704,940
"2024-01-04 00:12:20.441363",Uhhuull,0,940
"2024-01-05 00:12:16.253020",Uhhuull,277241660,947
"2024-01-06 00:12:15.798976",Uhhuull,269622996,954
"2024-01-07 00:12:30.946798",Uhhuull,310037915,960
"2024-01-08 00:12:29.916067",Uhhuull,9476302,960
"2024-01-09 00:12:29.115734",Uhhuull,470380,960
"2024-01-10 00:12:33.073908",Uhhuull,0,960
"2024-01-11 00:12:35.602990",Uhhuull,259733,960
"2024-01-12 00:12:30.444042",Uhhuull,9367351,960
"2024-01-13 00:12:32.779960",Uhhuull,106097625,962
"2024-01-14 00:12:34.338257",Uhhuull,139556311,965
"2024-01-15 00:12:33.663029",Uhhuull,1800000,965
"2024-01-16 00:12:29.615682",Uhhuull,74450905,967
"2024-01-17 00:12:33.820236",Uhhuull,370511402,975
"2024-01-18 00:12:32.949399",Uhhuull,91952044,977
"2024-01-19 00:12:28.912736",Uhhuull,48477834,978
"2024-01-20 00:12:31.076231",Uhhuull,0,978
"2024-01-21 00:12:31.142945",Uhhuull,129791276,980
"2024-01-22 00:12:30.988685",Uhhuull,92820402,982
"2024-01-23 00:12:31.924156",Uhhuull,91290092,984
"2024-01-24 00:12:36.968975",Uhhuull,0,984
"2024-01-25 00:12:30.397307",Uhhuull,102292623,986
"2024-01-26 00:12:34.456380",Uhhuull,0,986
"2024-01-27 00:12:34.943783",Uhhuull,0,986
"2024-01-28 00:12:34.608666",Uhhuull,112994873,989
"2024-01-29 00:12:33.039630",Uhhuull,102519852,991
"2024-01-30 00:12:35.474729",Uhhuull,0,991
"2024-01-31 00:12:51.257045",Uhhuull,0,991
"2024-01-01 10:39:20.565973",Vellar,658468,777
"2024-01-02 00:23:43.164159",Vellar,1206759,777
"2024-01-03 00:23:55.841131",Vellar,1036764,777
"2024-01-04 00:23:56.737068",Vellar,412290,777
"2024-01-05 00:23:43.019675",Vellar,302402448,787
"2024-01-06 00:23:18.772126",Vellar,101141285,791
"2024-01-07 00:23:35.562423",Vellar,283397435,800
"2024-01-08 00:23:23.299745",Vellar,932056,800
"2024-01-09 00:23:15.566982",Vellar,1348247,800
"2024-01-10 00:23:55.059314",Vellar,414887,800
"2024-01-11 00:23:38.684787",Vellar,1053143,800
"2024-01-12 00:23:22.168005",Vellar,352655,800
"2024-01-13 00:23:36.849094",Vellar,1716545,800
"2024-01-14 00:23:53.300771",Vellar,0,800
"2024-01-15 00:24:03.026243",Vellar,586856,800
"2024-01-16 00:23:27.421778",Vellar,498631,800
"2024-01-17 00:23:45.270917",Vellar,2542560,800
"2024-01-18 00:23:45.292766",Vellar,526757,800
"2024-01-19 00:23:26.757016",Vellar,0,800
"2024-01-20 00:23:35.708050",Vellar,0,800
"2024-01-21 00:23:46.809416",Vellar,0,800
"2024-01-22 00:23:36.959710",Vellar,415113,800
"2024-01-23 00:23:45.098229",Vellar,1379498,800
"2024-01-24 00:23:55.568391",Vellar,447174,800
"2024-01-25 00:23:48.241292",Vellar,307137,800
"2024-01-26 00:23:51.552663",Vellar,21089049,801
"2024-01-27 00:23:53.245297",Vellar,458779,801
"2024-01-28 00:23:47.815559",Vellar,801191,801
"2024-01-29 00:24:28.574091",Vellar,921788,801
"2024-01-30 00:24:50.399287",Vellar,1155285,801
"2024-01-31 00:27:44.308423",Vellar,5449192,801
"2024-01-01 10:39:30.790629",Wandman,1349,148
"2024-01-02 00:23:54.438777",Wandman,8353312,155
"2024-01-03 00:24:09.770747",Wandman,3093045,158
"2024-01-04 00:24:10.946640",Wandman,28608,158
"2024-01-05 00:23:53.453661",Wandman,19499947,172
"2024-01-06 00:23:29.321088",Wandman,989823,173
"2024-01-07 00:23:45.965386",Wandman,9751696,180
"2024-01-08 00:23:34.906258",Wandman,254045,180
"2024-01-09 00:23:25.906233",Wandman,368,180
"2024-01-10 00:24:10.047539",Wandman,0,180
"2024-01-11 00:23:49.085554",Wandman,0,180
"2024-01-12 00:23:33.707924",Wandman,0,180
"2024-01-13 00:23:47.386139",Wandman,1263595,181
"2024-01-14 00:24:06.381128",Wandman,694948,181
"2024-01-15 00:24:17.039384",Wandman,2585280,183
"2024-01-16 00:23:39.028746",Wandman,0,183
"2024-01-17 00:23:55.895314",Wandman,0,183
"2024-01-18 00:23:55.883689",Wandman,1607868,184
"2024-01-19 00:23:37.150711",Wandman,43176,184
"2024-01-20 00:23:46.689150",Wandman,0,184
"2024-01-21 00:23:57.514734",Wandman,5800,184
"2024-01-22 00:23:47.494796",Wandman,0,184
"2024-01-23 00:23:55.591052",Wandman,0,184
"2024-01-24 00:24:10.094750",Wandman,6745626,188
"2024-01-25 00:23:59.038540",Wandman,3478845,191
"2024-01-26 00:24:06.016711",Wandman,3275911,191
"2024-01-27 00:24:07.652063",Wandman,1412387,192
"2024-01-28 00:23:59.022006",Wandman,913417,194
"2024-01-29 00:24:39.697168",Wandman,1720861,194
"2024-01-30 00:25:01.641728",Wandman,0,194
"2024-01-31 00:27:55.462238",Wandman,0,194
"2024-01-01 10:39:47.087297","Will Archer",0,1028
"2024-01-02 00:24:17.605186","Will Archer",0,1028
"2024-01-03 00:24:26.338574","Will Archer",0,1028
"2024-01-04 00:24:26.620156","Will Archer",0,1028
"2024-01-05 00:24:15.985918","Will Archer",0,1028
"2024-01-06 00:23:44.262657","Will Archer",0,1028
"2024-01-07 00:24:01.999741","Will Archer",0,1028
"2024-01-08 00:23:49.549702","Will Archer",0,1028
"2024-01-09 00:23:40.100297","Will Archer",0,1028
"2024-01-10 00:24:25.850742","Will Archer",0,1028
"2024-01-11 00:24:07.060706","Will Archer",0,1028
"2024-01-12 00:23:48.320530","Will Archer",0,1028
"2024-01-13 00:24:04.120868","Will Archer",0,1028
"2024-01-14 00:24:25.098276","Will Archer",0,1028
"2024-01-15 00:24:38.079466","Will Archer",0,1028
"2024-01-16 00:23:54.354515","Will Archer",0,1028
"2024-01-17 00:24:20.044224","Will Archer",0,1028
"2024-01-18 00:24:19.717643","Will Archer",0,1028
"2024-01-19 00:23:52.196545","Will Archer",0,1028
"2024-01-20 00:24:03.003537","Will Archer",0,1028
"2024-01-21 00:24:21.597521","Will Archer",0,1028
"2024-01-22 00:24:04.428278","Will Archer",0,1028
"2024-01-23 00:24:19.387723","Will Archer",0,1028
"2024-01-24 00:24:26.388582","Will Archer",0,1028
"2024-01-25 00:24:22.510428","Will Archer",0,1028
"2024-01-26 00:24:25.381877","Will Archer",0,1028
"2024-01-27 00:24:25.032778","Will Archer",0,1028
"2024-01-28 00:24:21.875568","Will Archer",0,1028
"2024-01-29 00:24:55.146767","Will Archer",0,1028
"2024-01-30 00:25:22.516202","Will Archer",0,1028
"2024-01-31 00:28:22.173481","Will Archer",0,1028
"2024-01-01 10:40:01.160983",Ziuuks,0,636
"2024-01-02 00:24:30.871236",Ziuuks,0,636
"2024-01-03 00:24:39.778581",Ziuuks,0,636
"2024-01-04 00:24:41.158322",Ziuuks,1025018,636
"2024-01-05 00:24:29.283093",Ziuuks,-9199176,636
"2024-01-06 00:23:57.951469",Ziuuks,54888522,638
"2024-01-07 00:24:21.001216",Ziuuks,5413124,639
"2024-01-08 00:24:05.884429",Ziuuks,40687102,641
"2024-01-09 00:23:54.762953",Ziuuks,20436041,642
"2024-01-10 00:24:39.321710",Ziuuks,16552185,642
"2024-01-11 00:24:23.909473",Ziuuks,32394460,644
"2024-01-12 00:24:02.704370",Ziuuks,141033,644
"2024-01-13 00:24:22.121534",Ziuuks,73333,644
"2024-01-14 00:24:38.249729",Ziuuks,-95057094,640
"2024-01-15 00:25:04.403444",Ziuuks,66409664,643
"2024-01-16 00:24:13.184755",Ziuuks,61924802,646
"2024-01-17 00:24:34.447184",Ziuuks,104490497,651
"2024-01-18 00:24:32.985060",Ziuuks,32535956,652
"2024-01-19 00:24:09.161095",Ziuuks,10910865,653
"2024-01-20 00:24:21.727892",Ziuuks,0,653
"2024-01-21 00:24:35.229680",Ziuuks,0,653
"2024-01-22 00:24:21.376715",Ziuuks,0,653
"2024-01-23 00:24:32.502706",Ziuuks,173853,653
"2024-01-24 00:24:41.048233",Ziuuks,349659,653
"2024-01-25 00:24:35.871082",Ziuuks,950253,653
"2024-01-26 00:24:39.052195",Ziuuks,1142295,653
"2024-01-27 00:24:38.237692",Ziuuks,3312236,653
"2024-01-28 00:24:35.208247",Ziuuks,0,653
"2024-01-29 00:25:14.303914",Ziuuks,0,653
"2024-01-30 00:25:35.888552",Ziuuks,782662,653
"2024-01-31 00:28:40.537374",Ziuuks,-4163288,653
